iata_code^airport_name^alt_name^state_code^country_name
AAC^Al Arish^^^Egypt
AAE^Annaba^^^Algeria
AAL^Alborg^^^Denmark
AAN^Al Ain^^^United Arab Emirates
AAR^Aarhus^^^Denmark
AAT^Altay^^^PR China
ABD^Abadan^^^Iran
ABE^Allentown^^PA^USA
ABI^Abilene^^TX^USA
ABJ^Abidjan^^^Cote d'Ivoire
ABM^Bamaga^^^Australia
ABQ^Albuquerque^^NM^USA
ABR^Aberdeen^^SD^USA
ABS^Abu Simbel^^^Egypt
ABV^Abuja^Nnamdi Azikiwe International Airport^^Nigeria
ABX^Albury^^^Australia
ABY^Albany^^GA^USA
ABZ^Aberdeen^^^United Kingdom
ACA^Acapulco^^^Mexico
ACC^Accra^Kotoka International Airport^^Ghana
ACE^Arrecife/Lanzarote^^^Spain
ACH^Altenrhein^^^Switzerland
ACI^Alderney^^^Channel Islands
ACK^Nantucket^^MA^USA
ACT^Waco^^TX^USA
ACV^Eureka^^CA^USA
ACY^Atlantic City^Atlantic City International^NJ^USA
ADA^Adana^^^Turkey
ADB^Izmir^Adnan Menderes^^Turkey
ADD^Addis Ababa -Bole International Airport^^^Ethiopia
ADE^Aden^Aden International Airport^^Yemen
ADF^Adiyaman^^^Turkey
ADJ^Amman^Amman-Marka International Airport^^Jordan
ADL^Adelaide^^^Australia
ADQ^Kodiak^^AK^USA
ADX^Aktyubinsk^^^Kazakhstan
ADY^Alldays^^^South Africa
ADZ^San Andres^^^Colombia
AEH^Abeche^^^Chad
AEP^Buenos Aires, Jorge Newbery^^^Argentina
AER^Adler/Sochi^^^Russia
AES^Alesund^^^Norway
AGA^Agadir^^^Morocco
AGB^Augsburg^Muehlhausen (Munic)^^Germany
AGP^Malaga^^^Spain
AGS^Augusta^^GA^USA
AGU^Aguascaliente^^^Mexico
AGZ^Aggeneys^^^South Africa
AHB^Khamis Mushayat^^^Saudi Arabia
AHN^Athens^^GA^USA
AHO^Alghero Sassari^^^Italy
AHU^Al Hoceima^^^Morocco
AJA^Ajaccio^^^France
AJF^Jouf^^^Saudi Arabia
AJN^Anjouan^Anjouan Airport^^Comoros (Comores)
AJU^Aracaju^^^Brazil
AJY^Agades^^^Niger
AKL^Auckland^Auckland International Airport^^New Zealand
AKN^King Salomon^^AK^USA
AKT^Akrotiri^RAF^^Cyprus
ALA^Almaty (Alma Ata)^Almaty International Airport^^Kazakhstan
ALB^Albany^Albany International Airport^NY^USA
ALC^Alicante^^^Spain
ALF^Alta^^^Norway
ALG^Algiers, Houari Boumediene Airport^^^Algeria
ALH^Albany^^^Australia
ALJ^Alexander Bay^Kortdoorn^^South Africa
ALO^Waterloo^^IA^USA
ALP^Aleppo^^^Syria
ALV^Andorra La Vella^Heliport^^Andorra
ALW^Walla Walla^^WA^USA
ALY^Alexandria^El Nhouza Airport^^Egypt
AMA^Amarillo^^TX^USA
AMD^Ahmedabad^^^India
AMM^Amman^Queen Alia International Airport^^Jordan
AMS^Amsterdam^Amsterdam Airport Schiphol^^Netherlands
ANB^Anniston^^AL^USA
ANC^Anchorage^Ted Stevens Anchorage International^AK^USA
ANK^Ankara^^^Turkey
ANR^Antwerp^^^Belgium
ANU^Antigua, V.C. Bird International^^^Antigua and Barbuda
AOI^Ancona^^^Italy
AOJ^Aomori^^^Japan
AOK^Karpathos^^^Greece
AOO^Altoona^^PA^USA
APF^Naples^^FL^USA
APW^Apia -Faleolo International Airport^^^Samoa
AQJ^Aqaba^^^Jordan
ARB^Ann Arbor^^MI^USA
ARH^Arkhangelsk^^^Russia
ARK^Arusha^^^Tanzania
ARN^Stockholm^Arlanda^^Sweden
ASB^Ashgabat, Ashkhabat^Saparmurat Turkmenbashy International Airport^^Turkmenistan
ASE^Aspen Snowmass^^CO^USA
ASJ^Amami^^^Japan
ASK^Yamoussoukro^^^C&ocirc;te d'Ivoire
ASM^Asmara International^^^Eritrea
ASP^Alice Springs^^^Australia
ASR^Kayseri^^^Turkey
ASU^Asuncion^Asunción International Airport^^Paraguay
ASW^Aswan^Daraw Airport^^Egypt
ATH^Athens^^^Greece
ATL^Atlanta^Hartsfield Atlanta International Airport^GA^USA
ATO^Athens^^OH^USA
ATQ^Amritsar^^^India
ATW^Appelton/Neenah/Menasha^^WI^USA
ATY^Watertown^^SD^USA
ATZ^Assiut^^^Egypt
AUA^Aruba^Reina Beatrix International, Oranjestad^^Aruba
AUA^Oranjestad^Reina Beatrix International^^Aruba
AUE^Abu Rudeis^^^Egypt
AUG^Augusta^Augusta State Airport^ME^USA
AUH^Abu Dhabi^Abu Dhabi International^^United Arab Emirates
AUR^Aurillac^^^France
AUS^Austin^Austin-Bergstrom Airport^TX^USA
AVL^Asheville^^NC^USA
AVP^Wilkes Barre/Scranton^^PA^USA
AXA^Anguilla^^^Anguilla
AXS^Armenia^^^Colombia
AXT^Akita^^^Japan
AYQ^Ayers Rock^Connellan^^Australia
AYR^Ayr^^^Australia
AYT^Antalya^^^Turkey
AYU^Aiyura^^^Papua New Guinea
AYW^Ayawasi^^^Indonesia
AZB^Amazon Bay^^^Papua New Guinea
AZO^Kalamazoo/Battle Creek^^MI^USA
AZP^Mexico City^Atizapan^^Mexico
AZS^Elazig^^^Turkey
BAH^Bahrain^Bahrain International Airport^^Bahrain
BAK^Baku^Heydar Aliyev International Airport^^Azerbaijan
BAQ^Barranquilla^^^Colombia
BBI^Bhubaneswar^^^India
BBT^Berberati^^^Central African Republic
BBY^Bambari^^^Central African Republic
BCN^Barcelona^^^Spain
BCO^Jinka^Baco/Jinka Airport^^Ethiopia
BDA^Bermuda^L.F. Wade International Airport^^Bermuda
BDB^Bundaberg^^^Australia
BDL^Hartford, CT/Springfield^^MA^USA
BDO^Bandung^Husein Sastranegara International Airport^^Indonesia
BDQ^Baroda^^^India
BDR^Bridgeport^^CT^USA
BDS^Brindisi^^^Italy
BDU^Bardufoss^^^Norway
BEB^Benbecula^^^United Kingdom
BEG^Belgrad (Beograd)^Belgrade Nikola Tesla International^^Serbia
BEH^Benton Harbour^^MI^USA
BEL^Belem^^^Brazil
BEN^Benghazi (Bengasi)^^^Libya
BEO^Newcastle^Belmont^^Australia
BER^Berlin^^^Germany
BES^Brest^^^France
BET^Bethel^^AK^USA
BEW^Beira^^^Mozambique
BEY^Beirut^Beirut Rafic Hariri International Airport^^Lebanon
BFD^Bradford/Warren, PA/Olean^^NY^USA
BFL^Bakersfield^^CA^USA
BFN^Bloemfontein^Bloemfontein Airport^^South Africa
BFO^Buffalo Range^^^Zimbabwe
BFS^Belfast^Belfast International Airport^^United Kingdom
BGA^Bucaramanga^^^Colombia
BGF^Bangui^M'Poko International Airport^^Central African Republic
BGI^Bridgetown^Grantley Adams International^^Barbados
BGM^Johnson City^Binghamton/Endicott/Johnson Airport^NY^USA
BGO^Bergen^^^Norway
BGR^Bangor^^ME^USA
BGU^Bangassou^^^Central African Republic
BGW^Bagdad (BGW was formerly designated to Al Muthana airport)^^^Iraq
BGY^Bergamo/Milan^Orio Al Serio^^Italy
BGY^Milan^Orio Al Serio^^Italy
BHC^Bullhead City^^NV^USA
BHD^Belfast^Harbour^^United Kingdom
BHE^Blenheim^^^New Zealand
BHM^Birmingham^^AL^USA
BHO^Bhopal^^^India
BHQ^Broken Hill^^^Australia
BHV^Bahawalpur^^^Pakistan
BHX^Birmingham^Birmingham International Airport^^United Kingdom
BIA^Bastia^^^France
BIL^Billings^^MT^USA
BIO^Bilbao^^^Spain
BIQ^Biarritz^^^France
BIS^Bismarck^Bismarck Municipal Airport^ND^USA
BIV^Bria^^^Central African Republic
BJI^Bemidji^^MN^USA
BJL^Banjul^Banjul International Airport (Yundum International)^^Gambia
BJM^Bujumbura^Bujumbura International Airport^^Burundi
BJV^Bodrum^Milas Airport^^Turkey
BJX^Leon^^^Mexico
BJZ^Badajoz^^^Spain
BKI^Kota Kinabalu^^^Malaysia
BKK^Bangkok, Suvarnabhumi International^^^Thailand
BKL^Cleveland, Burke Lakefront^^OH, Burke Lakefront^USA
BKO^Bamako^Bamako-Sénou International Airport^^Mali
BKW^Beckley^^WV^USA
BKX^Brookings^^SD^USA
BLA^Barcelona^^^Venezuela
BLF^Bluefield^^WV^USA
BLI^Bellingham^^WA^USA
BLK^Blackpool^^^United Kingdom
BLL^Billund^^^Denmark
BLQ^Bologna^^^Italy
BLR^Bangalore^^^India
BLT^Blackwater^^^Australia
BLZ^Blantyre^Chileka^^Malawi
BMA^Stockholm^Bromma^^Sweden
BME^Broome^^^Australia
BMG^Bloomington^^IN^USA
BMI^Bloomington^^IL^USA
BMP^Brampton Island^^^Australia
BNA^Nashville^^TN^USA
BNE^Brisbane^^^Australia
BNK^Ballina^^^Australia
BNN^Broennoeysund^^^Norway
BNP^Bannu^^^Pakistan
BOB^Bora Bora^^^French Polynesia
BOD^Bordeaux^Bordeaux Airport^^France
BOG^Bogota^El Nuevo Dorado International Airport^^Colombia
BOH^Bournemouth^^^United Kingdom
BOI^Boise^Boise Air Terminal^ID^USA
BOJ^Bourgas/Burgas^^^Bulgaria
BOM^Bombay (Mumbai)^Chhatrapati Shivaji International^^India
BON^Bonaire^^^Netherlands Antilles
BOO^Bodo^^^Norway
BOS^Boston^General Edward Lawrence Logan^MA^USA
BOY^Bobo/Dioulasso^^^Burkina Faso
BPT^Beaumont/Pt. Arthur^^TX^USA
BQK^Brunswick^^GA^USA
BQN^Aguadilla^^^Puerto Rico
BRC^San Carlos de Bariloche^^^Argentina
BRD^Brainerd^^MN^USA
BRE^Bremen^Bremen Airport (Flughafen Bremen)^^Germany
BRI^Bari^^^Italy
BRL^Burlington^^IA^USA
BRN^Berne, Bern-Belp^^^Switzerland
BRR^Barra (the famous tidal beach landing)^^^United Kingdom
BRS^Bristol^^^United Kingdom
BRU^Brussels^Brussels Airport^^Belgium
BSB^Brasilia^President Juscelino Kubitschek International Airport^^Brazil
BSL^Basel^^^Switzerland
BSR^Basra, Basrah^^^Iraq
BTM^Butte^^MT^USA
BTR^Baton Rouge^Baton Rouge Metropolitan Airport^LA^USA
BTS^Bratislava^M. R. Štefánik Airport^^Slovakia
BTU^Bintulu^^^Malaysia
BTV^Burlington^^VT^USA
BUD^Budapest^Budapest Ferihegy International Airport^^Hungary
BUE^Buenos Aires^^^Argentina
BUF^Buffalo/Niagara Falls^^NY^USA
BUG^Bengueka^^^Angola
BUH^Bucharest^^^Romania
BUQ^Bulawayo^^^Zimbabwe
BUR^Burbank^^CA^USA
BVB^Boa Vista^^^Brazil
BWI^Baltimore^Washington International Airport^MD^USA
BWI^Washington DC^Baltimore Washington International^^USA
BWN^Bandar Seri Begawan^Brunei International Airport^^Brunei
BWT^Burnie (Wynyard)^^^Australia
BXO^Bissau^Osvaldo Vieiro International Airport^^Guinea-Bissau
BXS^Borrego Springs^^CA^USA
BYK^Bouake^^^Cote d'Ivoire
BYU^Bayreuth^Bindlacher-Berg^^Germany
BZE^Belize City^Philip S.W.Goldson International^^Belize
BZL^Barisal^^^Bangladesh
BZN^Bozeman^^MT^USA
BZV^Brazzaville^Maya-Maya Airport^^Congo (ROC)
CAB^Cabinda^^^Angola
CAE^Columbia^^SC^USA
CAG^Cagliari^^^Italy
CAI^Cairo^Cairo International Airport^^Egypt
CAK^Akron^^OH^USA
CAL^Campbeltown^^^United Kingdom
CAN^Guangzhou (Canton)^Baiyun International Airport^^Guangdong, PR China
CAS^Casablanca^^^Morocco
CAY^Cayenne^Cayenne-Rochambeau Airport^^French Guiana
CBB^Cochabamba^^^Bolivia
CBG^Cambrigde^^^United Kingdom
CBR^Canberra^Canberra Airport^^Australia
CBU^Cebu^^^Philippines
CCJ^Calicut^^^India
CCR^Concord^Concord Municipal Airport^CA^USA
CCS^Caracas^Simón Bolívar International Airport^^Venezuela
CCU^Calcutta (Kolkata)^Netaji Subhas Chandra^^India
CCU^Kolkata (Calcutta)^Netaji Subhas Chandra^^India
CCZ^Chub Cay^^^Bahamas
CDC^Cedar City^^UT^USA
CDG^Paris^Charles de Gaulle^^France
CDV^Cordova^^AK^USA
CEC^Crescent City^^CA^USA
CED^Ceduna^^^Australia
CEN^Ciudad Obregon^^^Mexico
CES^Cessnock^^^Australia
CFE^Clermont Ferrand^^^France
CFG^Cienfuegos^^^Canada
CFN^Donegal (Carrickfin)^^^Ireland
CFS^Coffs Harbour^^^Australia
CFU^Corfu^^^Greece
CGA^Craig^^AK^USA
CGB^Cuiaba^^^Brazil
CGH^Sao Paulo^Congonhas^^Brazil
CGK^Jakarta^Soekarno-Hatta International^^Indonesia
CGN^Cologne^Cologne International Airport (Flughafen K&ouml;ln/Bonn)^^Germany
CGN^K&ouml;ln, K&ouml;ln/Bonn^^^Germany
CGP^Chittagong^^^Bangladesh
CGQ^Changchun^^^Jilin, PR China
CGR^Campo Grande^^^Brazil
CGU^Ciudad Guayana^^^Venezuela
CHA^Chattanooga^^TN^USA
CHC^Christchurch^^^New Zealand
CHG^Chaoyang, Beijing^Chaoyang Airport^^PR China
CHI^Chicago^^IL^USA
CHO^Charlottesville^^VA^USA
CHQ^Chania^^^Greece
CHS^Charleston^^SC^USA
CHW^Jiuquan^^^PR China
CIA^Rome^Ciampino^^Italy
CIC^Chico^^CA^USA
CID^Cedar Rapids^^IA^USA
CIP^Chipata^^^Zambia
CIW^Canouan (island)^Canouan Airport^^Saint Vincent &amp; the Grenadines
CJB^Coimbatore^^^India
CJC^Calama^El Loa^^Chile
CJL^Chitral^^^Pakistan
CJS^Ciudad Juarez^^^Mexico
CKB^Clarksburg^^WV^USA
CKG^Chongqing^Jiangbei International Airport^^Sichuan, PR China
CKY^Conakry^Conakry International Airport^^Guinea
CLD^Carlsbad^^CA^USA
CLE^Cleveland, Hopkins^^OH, Hopkins^USA
CLL^College Station/Bryan^^TX^USA
CLM^Port Angeles^^WA^USA
CLO^Cali^^^Colombia
CLQ^Colima^^^Mexico
CLT^Charlotte^^NC^USA
CLY^Calvi^^^France
CMB^Colombo^Bandaranaike International Airport^^Sri Lanka
CME^Ciudad Del Carmen^^^Mexico
CMF^Chambery^^^France
CMH^Columbus^Port Columbus International Airport^OH^USA
CMI^Champaign^^IL^USA
CMN^Casablanca, Mohamed V^^^Morocco
CMQ^Clermont^^^Australia
CMX^Hancock^^MI^USA
CND^Constanta (Constanza)^Constanta International Airport^^Romania
CNF^Belo Horizonte^^^Brazil
CNS^Cairns^^^Australia
CNX^Chiang Mai^Chiang Mai International Airport^^Thailand
COD^Cody/Powell/Yellowstone^^WY^USA
COK^Cochin^^^India
COO^Cotonou^Cotonou Cadjehoun Airport^^Benin
COR^Cordoba^^^Argentina
COS^Colorado Springs^^CO^USA
CPD^Coober Pedy^^^Australia
CPH^Copenhagen^Copenhagen Airport^^Denmark
CPR^Casper^^WY^USA
CPT^Cape Town^Cape Town International Airport^^South Africa
CRE^Myrtle Beach^Grand Strand Airport^SC^USA
CRF^Carnot^^^Central African Republic
CRG^Jacksonville^Craig Municipal ^FL^USA
CRP^Corpus Christi^^TX^USA
CRW^Charleston^Yeager Airport^WV^USA
CSG^Columbus^^GA^USA
CSI^Casino^^^Australia
CSN^Carson City^^NV^USA
CST^Castaway^^^Fiji
CTA^Catania^^^Italy
CTG^Catagena^^^Colombia
CTN^Cooktown^^^Australia
CTS^Chitose^^^Japan
CTS^Sapporo^Shin-Chitose Airport^^Japan
CTU^Chengdu^Shuangliu^^Sichuan, PR China
CUL^Culiacan^^^Mexico
CUN^Cancun^^^Mexico
CUR^Curacao^Cura&ccedil;ao International Airport^^Netherlands Antilles
CUU^Chihuahua, Gen Fierro Villalobos^^^Mexico
CVG^Cincinnati^Cincinnati/Northern Kentucky International^OH^USA
CVM^Ciudad Victoria^^^Mexico
CVQ^Carnarvon^^^Australia
CVT^Coventry^Baginton^^United Kingdom
CWA^Wausau/Stevens Point^^WI^USA
CWB^Curitiba^^^Brazil
CWL^Cardiff^Cardiff Airport^^United Kingdom
CXI^Christmas Line^^^Iceland
CXT^Charters Towers^^^Australia
CYS^Cheyenne^Cheyenne Regional Airport^WY^USA
CYU^Cuyo^^^Philippines
CZA^Chichen Itza^^^Mexico
CZL^Constantine^^^Algeria
CZM^Cozmel^^^Mexico
DAB^Daytona Beach^^FL^USA
DAC^Dhaka^Zia International Airport^^Bangladesh
DAL^Dallas, Love Field^^TX, Love Field^USA
DAM^Damascus, International^^^Syria
DAN^Danville^^VA^USA
DAR^Dar es Salam (Daressalam)^Julius Nyerere International^^Tanzania
DAY^Dayton^^OH^USA
DBO^Dubbo^^^Australia
DBQ^Dubuque^^IA^USA
DBV^Dubrovnik^^^Croatia (Hrvatska)
DBY^Dalby^^^Australia
DCA^Washington DC^Ronald Reagan National^^USA
DCS^Doncaster, Robin Hood International Airport^^^United Kingdom
DCS^Sheffield, Doncaster, Robin Hood International Airport^^^United Kingdom
DDI^Daydream Island^^^Australia
DEC^Decatur^^IL^USA
DEL^Delhi^Indira Gandhi International Airport^^India
DEN^Denver^Denver International Airport^CO^USA
DET^Detroit, Coleman A. Young Municipal^^MI, Coleman A. Young Municipal^USA
DFW^Dallas/Ft. Worth^Dallas/Fort Worth International Airport^TX^USA
DFW^Fort Worth (TX)^Dallas/Fort Worth International Airport^^USA
DGM^Dongguan^^^Guangdong, PR China
DHA^Dhahran^^^Saudi Arabia
DHN^Dothan^^AL^USA
DIL^Dili^Nicolau Lobato International Airport^^Timor Leste (East Timor)
DJB^Jambi^Sultan Taha Syarifudn^^Indonesia
DJE^Djerba^^^Tunisia
DJJ^Jayapura^Sentani^^Indonesia
DJO^Daloa^^^Cote d'Ivoire
DKI^Dunk Iceland^^^Australia
DKR^Dakar^Léopold Sédar Senghor International Airport^^Senegal
DLA^Douala^^^Cameroon
DLC^Dalian^Zhoushuizi International Airport^^Liaoning, PR China
DLG^Dillingham^^AK^USA
DLH^Duluth, MN/Superior^^WI^USA
DLM^Dalaman^^^Turkey
DLP^Disneyland Paris^^^France
DME^Moscow^Domodedovo^^Russia
DMM^Dammam, King Fahad International^^^Saudi Arabien
DND^Dundee^^^United Kingdom
DNR^Dinard^^^France
DNZ^Denizli^^^Turkey
DOD^Dodoma^Dodoma Airport^^Tanzania
DOH^Doha^Doha International Airport^^Qatar
DOM^Melville Hall^^^Dominica
DPO^Devonport^^^Australia
DPS^Denpasar/Bali^^^Indonesia
DRB^Derby^^^Australia
DRO^Durango^^CO^USA
DRS^Dresden^Dresden Airport^^Germany
DRW^Darwin^^^Australia
DSK^Dera Ismail Khan^^^Pakistan
DSM^Des Moines^Des Moines International Airport^IA^USA
DTM^Dortmund^^^Germany
DTT^Detroit, Metropolitan Area^^MI, Metropolitan Area^USA
DTW^Detroit,Wayne County Airport^^MI,Wayne County Airport^USA
DUB^Dublin^Dublin International Airport^^Ireland
DUD^Dunedin^^^New Zealand
DUJ^Dubois^^PA^USA
DUR^Durban^^^South Africa
DUS^Duesseldorf^Düsseldorf International Airport^^Germany
DUT^Dutch Harbor^^AK^USA
DVL^Devils Lake^^ND^USA
DXB^Dubai^Dubai International Airport^^United Arab Emirates
DYA^Dysart^^^Australia
DYU^Dushanbe (Duschanbe)^Dushanbe Airport^^Tajikistan
DZA^Dzaoudzi^^^Mayotte
EAP^Basel/Mulhouse^^^Switzerland/France
EAS^San Sebastian^^^Spain
EAT^Wenatchee^^WA^USA
EAU^Eau Clarie^^WI^USA
EBA^Elba Island, Marina Di Campo^^^Italy
EBB^Entebbe^Entebbe International Airport^^Uganda
EBJ^Esbjerg^^^Denmark
EBU^St. Etienne^^^France
EDI^Edinburgh^BAA Edinburgh Airport^^Scotland, UK
EDR^Emerald^^^Australia
EGC^Bergerac^Roumanieres^^France
EGE^Vail^^CO^USA
EGS^Egilsstadir^^^Iceland
EIN^Eindhoven^^^Netherlands
EIS^Beef Island^Terrance B. Lettsome^^Virgin Islands (British)
EKI^Elkhart^^IN^USA
EKO^Elko^^NV^USA
ELH^North Eleuthera^^^Bahamas
ELL^Ellisras^^^South Africa
ELM^Elmira^^NY^USA
ELP^El Paso^El Paso International Airport^TX^USA
ELS^East London^^^South Africa
ELY^Ely^^NV^USA
EMA^Nottingham^East Midlands^^United Kingdom
EMD^Emerald^^^Australia
EMY^El Minya^^^Egypt
ENA^Kenai^^AK^USA
ENC^Nancy^^^France
ENF^Enontekioe^^^Finland
EPR^Esperance^^^Australia
ERC^Erzincan^^^Turkey
ERF^Erfurt^Erfurt Airport (Flughafen Erfurt)^^Germany
ERI^Erie^^PA^USA
ERS^Windhoek^Eros^^Namibia
ERZ^Erzurum^^^Turkey
ESB^Ankara^Esenboğa International Airport^^Turkey
ESC^Escabana^^MI^USA
ESF^Alexandria^Esler Field^^USA, LA
ETH^Elat^^^Israel
ETZ^Metz/Nancy Metz-Nancy-Lorraine^^^France
EUG^Eugene^^OR^USA
EVE^Evenes^^^Norway
EVN^Eriwan (Yerevan, Jerevan)^^^Armenia
EVV^Evansville^^IN^USA
EWN^New Bern^^NC^USA
EWR^New York^Newark^NJ^USA
EXT^Exeter^^^United Kingdom
EYW^Key West^^FL^USA
EZE^Buenos Aires, Ezeiza International Airport^^^Argentina
FAE^Faroer^V&aacute;gar Airport^^Denmark
FAI^Fairbanks^^AK^USA
FAO^Faro^^^Portugal
FAR^Fargo, ND^^MN^USA
FAT^Fresno^^CA^USA
FAY^Fayetteville/Ft. Bragg^^NC^USA
FBM^Lumbumbashi^^^Congo (DRC)
FBU^Oslo^Fornebu^^Norway
FCA^Kalispell^^MT^USA
FCO^Rome^Fuimicino^^Italy
FDF^Fort de France^Martinique Aimé Césaire International^^Martinique
FDH^Friedrichshafen^Bodensee-Airport Friedrichshafen^^Germany
FEZ^Fes^^^Morocco
FHU^Fort Huachuca/Sierra Vista^^AZ^USA
FIE^Fair Isle (Shetland)^^^United Kingdom
FIH^Kinshasa^N'Djili^^Congo (DRC)
FJR^Alfujairah (Fujairah)^^^United Arab Emirates
FJR^Fujairah, International Airport^^^United Arab Emirates
FKB^Karlsruhe-Baden^Karlsruhe-Soellingen^^Germany
FKI^Kisangani^^^Congo (DRC)
FKL^Franklin/Oil City^^PA^USA
FKS^Fukushima-shi, Fukushima Airport^^^Japan
FLG^Flagstaff^^AZ^USA
FLL^Fort Lauderdale/Hollywood^^FL^USA
FLN^Florianopolis^^^Brazil
FLO^Florence^^SC^USA
FLR^Florence (Firenze)^Peretola Airport^^Italy
FMN^Farmington^^NM^USA
FMO^Muenster/Osnabrueck^^^Germany
FMY^Fort Myers, Metropolitan Area^^FL^USA
FNA^Freetown^Freetown-Lungi International Airport^^Sierra Leone
FNC^Funchal^^^Portugal
FNI^Nimes^^^France
FNJ^Pyongyang^Sunan^^North Korea
FNT^Flint^^MI^USA
FOD^Fort Dodge^^IA^USA
FOU^Foula (Shetland)^^^United Kingdom
FPO^Freeport^Grand Bahama International Airport^^Bahamas
FPO^Grand Bahama International^^^Bahamas
FRA^Frankfurt/Main Frankfurt Airport (Rhein-Main-Flughafen)^^^Germany
FRI^Fort Riley^Marshall AAF^KS^USA
FRJ^Frejus^^^France
FRO^Floro^^^Norway
FRU^Bishkek^Manas International Airport^^Kyrgyzstan
FRW^Francistown^^^Botswana
FSC^Figari^^^France
FSD^Sioux Falls^^SD^USA
FSM^Fort Smith^^AR^USA
FSP^St. Pierre^^NF^Canada
FUE^Fuerteventura^^^Spain
FUK^Fukuoka^^^Japan
FUT^Futuna^^^Wallis and Futuna Islands
FWA^Fort Wayne^^IN^USA
FYV^Fayetteville^^AR^USA
GAD^Gadsden^^AL^USA
GAJ^Yamagata, Junmachi^^^Japan
GAU^Guwahati^^^India
GBE^Gaborone^Sir Seretse Khama International Airport^^Botswana
GBI^Grand Bahama^^^Bahamas
GCC^Gilette^^WY^USA
GCI^Guernsey^^^Channel Islands
GCM^Grand Cayman^Owen Roberts International^^Cayman Islands
GCN^Grand Canyon^^AZ^USA
GDL^Guadalajara^^^Mexico
GDN^Gdansk^^^Poland
GDV^Glendive^^MT^USA
GEG^Spokane^^WA^USA
GEO^Georgetown^Cheddi Jagan International Airport^^Guyana
GET^Geraldton^^^Australia
GEX^Geelong^^^Australia
GFF^Griffith^^^Australia
GFK^Grand Forks^^ND^USA
GGG^Longview/Kilgore^^TX^USA
GGW^Glasgow^^MT^USA
GHB^Govenors Harbour^^^Bahamas
GIB^Gibraltar^^^Gibraltar
GIG^Rio de Janeiro^Galeao^^Brazil
GIL^Gilgit^^^Pakistan
GJL^Jijel^^^Algeria
GJT^Grand Junction^^CO^USA
GKL^Great Keppel Island^^^Australia
GLA^Glasgow^^^United Kingdom
GLH^Greenville^^MS^USA
GLT^Gladstone^^^Australia
GNB^Grenoble^^^France
GND^Grenada^Point Salines Airport also Maurice Bishop^^Grenada
GNE^Ghent (Gent)^^^Belgium
GNV^Gainesville^^FL^USA
GOA^Genoa^^^Italy
GOI^Goa^^^India
GON^Groton/New London^^CT^USA
GOO^Goondiwindi^^^Australia
GOT^Gothenburg (G&ouml;teborg)^Landvetter^^Sweden
GOU^Garoua^^^Cameroon
GOV^Gove (Nhulunbuy)^^^Australia
GOZ^Gorna^^^Bulgaria
GPA^Araxos^^^Greece
GPT^Gulfport/Biloxi^^MS^USA
GPZ^Grand Rapids^^MN^USA
GRB^Green Bay^^WI^USA
GRJ^George^^^South Africa
GRO^Gerona^^^Spain
GRQ^Groningen^Eelde^^Netherlands
GRR^Grand Rapids^^MI^USA
GRU^Guarulhos International^Sao Paulo^^Brazil
GRU^Sao Paulo^Guarulhos^^Brazil
GRX^Granada^^^Spain
GRZ^Graz^^^Austria
GSI^Guadalcanal^^^Solomon Islands
GSO^Greensboro/Winston Salem^^NC^USA
GSP^Greenville/Spartanburg^^SC^USA
GTE^Groote Eylandt^Alyangula^^Australia
GTF^Great Falls^^MT^USA
GTI^Guettin^^^Germany
GTN^Mount Cook^^^New Zealand
GUA^Guatemala City^La Aurora International Airport^^Guatemala
GUC^Gunnison/Crested Butte^^CO^USA
GUM^Guam^^^Guam
GUM^Hag&aring;t&ntilde;a^Guam International Airport^^Guam
GVA^Geneva^Geneva-Cointrin International Airport^^Switzerland
GWD^Gwadar^^^Pakistan
GWE^Gweru^^^Zimbabwe
GWT^Westerland^^^Germany
GWY^Galway^^^Ireland
GYE^Guayaquil^Simon Bolivar^^Ecuador
GYN^Goiania^^^Brazil
GYP^Gympie^^^Australia
GZA^Gaza City^Gaza International Airport^^Palestinian Territory
GZT^Gaziantep^^^Turkey
HAC^Hachijo Jima^^^Japan
HAG^Den Haag (The Hague)^^^Netherlands
HAH^Moroni^Prince Said Ibrahim^^Comoros (Comores)
HAJ^Hannover^^^Germany
HAM^Hamburg^Fuhlsbuettel^^Germany
HAN^Hanoi^Noibai^^Viet Nam
HAP^Whitsunday Resort^^^Australia
HAR^Harrisburg^Harrisburg Skyport^PA^USA
HAU^Haugesund^^^Norway
HAV^Havana^José Mart&iacute; International^^Cuba
HBA^Hobart^^^Australia
HBH^Alexandria^Borg el Arab Airport^^Egypt
HDD^Hyderabad^^^Pakistan
HDN^Steamboat Springs^^CO^USA
HDY^Hatyai (Hat Yai)^^^Thailand
HEL^Helsinki^Vantaa^^Finland
HER^Heraklion^^^Greece
HEW^Athens, Hellinikon Airport^^^Greece
HFA^Haifa^^^Israel
HFT^Hammerfest^^^Norway
HGH^Hangchow (Hangzhou)^^^Zhejiang, PR China
HGO^Korhogo^^^Cote d'Ivoire
HHH^Hilton Head Island^^SC^USA
HHN^Frankfurt/Hahn^^^Germany
HIB^Hibbing^^MN^USA
HII^Lake Havasu City^^AZ^USA
HIJ^Hiroshima International^^^Japan
HIR^Honiara Henderson International^^^Solomon Islands
HIS^Hayman Island^^^Australia
HKD^Hakodate^^^Japan
HKG^Hong Kong^International Airport (HKIA)^^Hong Kong
HKS^Jackson^Hawkins Field ^MS^USA
HKT^Phuket^^^Thailand
HKY^Hickory^^NC^USA
HLA^Lanseria^^^South Africa
HLH^Ulanhot^^^PR China
HLN^Helena^^MT^USA
HLP^Jakarta^Halim Perdana Kusuma^^Indonesia
HLT^Hamilton^^^Australia
HLZ^Hamilton^^^New Zealand
HMH^Home Hill^^^Australia
HMO^Hermosillo^Gen. Pesqueira Garcia^^Mexico
HNA^Morioka, Hanamaki^^^Japan
HND^Tokyo^Haneda^^Japan
HNH^Hoonah^^AK^USA
HNK^Hinchinbrook Island^^^Australia
HNL^Honolulu^Honolulu International Airport^HI^USA
HNS^Haines^^AK^USA
HOG^Holguin^^^Cuba
HOM^Homer^^AK^USA
HON^Huron^^SD^USA
HOQ^Hof^^^Germany
HOR^Horta^^^Portugal
HOU^Houston, Hobby^^TX, Hobby^USA
HPN^White Plains^^NY^USA
HRB^Harbin (Haerbin)^^^Heilongjiang, PR China
HRE^Harare^^^Zimbabwe
HRG^Hurghada International^^^Egypt
HRK^Kharkov^^^Ukraine
HRL^Harlington/South Padre Island^^TX^USA
HSV^Huntsville^^AL^USA
HTA^Chita (Tschita)^^^Russia
HTI^Hamilton Island^^^Australia
HTS^Huntington^^WV^USA
HUF^Terre Haute^^IN^USA
HUH^Huahine^^^French Polynesia
HUI^Hue^Phu Bai^^Viet Nam
HUX^Huatulco^^^Mexico
HUY^Humberside^^^United Kingdom
HVB^Hervey Bay^^^Australia
HVN^New Haven^^CT^USA
HVR^Havre^^MT^USA
HWN^Hwange National Park^^^Zimbabwe
HYA^Hyannis^^MA^USA
HYD^Hyderabad^Begumpet^^India
HYG^Hydaburg^^AK^USA
IAD^Washington DC^Dulles International^^USA
IAG^Niagara Falls International^^^USA
IAH^Houston,TX^George Bush Intercontinental Airport^^USA
iata_code^airport_name^alt_name^state_code^country_name
IBZ^Ibiza^^^Ibiza/Spain
ICN^Incheon, Incheon International Airport^^^Korea South
ICN^Seoul^Incheon International Airport^^South Korea
ICT^Wichita^^KS^USA
IDA^Idaho Falls^^ID^USA
IEV^Kiev^Zhulhany^^Ukraine
IFL^Innisfail^^^Australia
IGH^Ingham^^^Australia
IGR^Iguazu, Cataratas^^^Argentina
IJX^Jacksonville^Municipal Airport^IL^USA
IKT^Irkutsk^^^Russia
ILE^Killeem^^TX^USA
ILI^Iliamna^^AK^USA
ILM^Wilmington^^NC^USA
ILP^Ile des Pins^^^New Caledonia
ILY^Islay^^^United Kingdom
IND^Indianapolis International^^IN International^USA
INI^Nis^^^Serbia
INL^International Falls^^MN^USA
INN^Innsbruck^Kranebitten^^Austria
INV^Inverness^^^United Kingdom
IOM^Isle of Man^^^
IOU^Ile Ouen^^^New Caledonia
IPC^Easter Island^^^Chile
IPL^Imperial^^CA^USA
IPT^Williamsport^^PA^USA
IQT^Iquitos^^^Peru
IRG^Lockhart River^^^Australia
IRO^Biraro^^^Central African Republic
ISA^Mt. Isa^^^Australia
ISB^Islamabad^Benazir Bhutto International Airport^^Pakistan
ISL^Williston^^ND^USA
ISO^Kingston^^NC^USA
ISP^Long Island, Islip^Mac Arthur^NY^USA
IST^Istanbul^Ataturk^^Turkey
ITH^Ithaca/Cortland^^NY^USA
ITM^Osaka^Itami^^Japan
ITO^Hilo^^HI^USA
IVC^Incercargill^^^New Zealand
IVC^Invercargill^^^New Zealand
IVL^Ivalo^^^Finland
IXB^Bagdogra^^^India
IXC^Chandigarh^Chandigarh International Airport^^India
IXG^Belgaum^^^India
IXJ^Jammu^Satwari^^India
IXR^Ranchi^^^India
IXW^Jamshedpur^Sonari^^India
IYK^Inykern^^CA^USA
IZM^Izmir^^^Turkey
JAA^Jalalabad  ^^^Afghanistan
JAC^Jackson Hole^^WY^USA
JAC^Jackson Hole^^WY^USA
JAD^Jandakot^^^Australia
JAF^Jaffna^Kankesanturai^^Sri Lanka
JAG^Jacobabad^^^Pakistan
JAI^Jaipur^Sanganeer^^India
JAK^Jacmel ^^^Haiti
JAL^Jalapa^^^Mexico
JAM^Jambol^^^Bulgaria
JAN^Jackson^Jackson Internationall^MS^USA
JAQ^Jacquinot Bay^^^Papua New Guinea
JAU^Jauja^^^Peru
JAX^Jacksonville^International^FL^USA
JBR^Jonesboro Jonesboro Airport^^AR Jonesboro Airport^USA
JCB^Joacaba^^^Brazil
JCK^Julia Creek^^^Australia
JCM^Jacobina ^^^Brazil
JDF^Juiz De Fora^Francisco De Assis Airport^^Brazil
JDH^Jodhpur^^^India
JDZ^Jingdezhen^^^PR China
JED^Jeddah^King Abdulaziz International^^Saudi Arabia
JEE^Jeremie^Jeremie Airport^^Haiti
JEF^Jefferson City^Jefferson Memorial^MO^USA
JER^Jersey^^^Channel Islands
JFK^New York^John F. Kennedy^NY^USA
JGA^Jamnagar^Govardhanpur^^India
JGB^Jagdalpur^^^India
JHB^Johor Bahru^Sultan Ismail International^^Malaysia
JHE^Helsingborg^^^Sweden
JHG^Jinghong^Gasa Airport^^PR China
JHM^Kapalua West^^HI^USA
JHQ^Shute Harbour^^^Australia
JHW^Jamestown^^NY^USA
JIB^Djibouti (city)^Djibouti-Ambouli International Airport^^Djibouti
JIJ^Jijiga^^^Ethiopia
JIL^Jilin^^^PR China
JIM^Jimma^^^Ethiopia
JIN^Jinja^^^Uganda
JIP^Jipijapa^^^Ecuador
JIR^Jiri^^^Nepal
JIU^Jiujiang^^^PR China
JIW^Jiwani^^^Pakistan
JJI^Juanjui^^^Peru
JJN^Jinjiang^^^PR China
JKG^J&ouml;nk&ouml;ping (Jonkoping)^Axamo Airport^^Sweden
JKH^Chios^^^Greece
JKR^Janakpur^^^Nepal
JKT^Jakarta^Metropolitan Area^^Indonesia
JKV^Jacksonville^^TX^USA
JLN^Joplin^^MO^USA
JLR^Jalandhar^^^India
JLS^Jales^^^Brazil
JMB^Jamba^^^Angola
JMK^Mykonos^^^Greece
JMO^Jomsom^^^Nepal
JMS^Jamestown^^ND^USA
JMU^Jiamusi^Jiamusi Airport^^PR China
JNA^Januaria^^^Brazil
JNB^Johannesburg^OR Tambo International Airport^^South Africa
JNG^Jining^^^PR China
JNI^Junin^^^Argentina
JNU^Juneau^Juneau International Airport^AK^USA
JNX^Naxos^Naxos Airport^^Greece
JNZ^Jinzhou^Jinzhou Airport^^PR China
JOE^Joensuu^^^Finland
JOI^Joinville^Cubatao Airport^^Brazil
JOL^Jolo^^^Philippines
JON^Johnston Island^^^USA
JOS^Jos^^^Nigeria
JPA^Joao Pessoa^Castro Pinto Airport^^Brazil
JQE^Jaque ^^^Panama
JRH^Jorhat^Rowriah Airport^^India
JRO^Kilimadjaro^^^Tanzania
JRS^Jerusalem^Atarot Airport (closed)^^Israel
JSA^Jaisalmer ^^^India
JSI^Skiathos^^^Greece
JSM^Jose De San Martin^^^Argentina
JSR^Jessore^Jessore Airport^^Bangladesh
JST^Johnstown^^PA^USA
JTI^Jatai^^^Brazil
JTR^Thira^^^Greece
JUB^Juba^^^Sudan
JUI^Juist (island)^^^Germany
JUJ^Jujuy^El Cadillal Airport^^Argentina
JUL^Juliaca^^^Peru
JUM^Jumla^^^Nepal
JUN^Jundah^^^Australia
JUT^Juticalpa^^^Honduras
JUV^Upernavik^Upernavik Heliport^^Greenland
JVL^Janesville^Rock County^WI^USA
JWA^Jwaneng^^^Botswana
JXN^Jackson^Reynolds Municipal^MI^USA
JYV^Jyv&auml;skyl&auml; (Jyvaskyla)^^^Finland
KAJ^Kajaani^^^Finland
KAN^Kano^^^Nigeria
KAO^Kuusamo^^^Finland
KBL^Kabul^Khwaja Rawash Airport^^Afghanistan
KBP^Kiev^Borispol^^Ukraine
KBY^Streaky Bay^^^Australia
KCC^Coffmann Cove^^AK^USA
KCE^Collinsville^^^Australia
KCH^Kuching^^^Malaysia
KCM^Kahramanmaras^^^Turkey
KCM^Maras^^^Turkey
KCZ^Kochi^^^Japan
KDD^Khuzdar^^^Pakistan
KDU^Skardu^^^Pakistan
KEF^Reykjavik^Keflavik International^^Iceland
KEL^Kiel^Holtenau^^Germany
KEM^Kemi/Tornio^^^Finland
KGC^Kingscote^^^Australia
KGI^Kalgoorlie^^^Australia
KGL^Kigali^Gregoire Kayibanda^^Rwanda
KGS^Kos^^^Greece
KHH^Kaohsiung International^^^Taiwan
KHI^Karachi -Jinnah International Airport^^^Pakistan
KHJ^Kauhajoki^^^Finland
KHV^Chabarovsk (Khabarovsk)^^^Russia
KID^Kristianstad^^^Sweden
KIJ^Niigata^^^Japan
KIK^Kirkuk^^^Iraq
KIM^Kimberley^^^South Africa
KIN^Kingston^Norman Manley^^Jamaica
KIR^Kerry County^^^Ireland
KIV^Chisinau^Chişinău International Airport^^Moldova
KIW^Kitwe^^^Zambia
KIX^Osaka^Kansai International Airport^^Japan
KKN^Kirkenes^^^Norway
KLR^Kalmar^^^Sweden
KLU^Klagenfurt^^^Austria
KLW^Klawock^^AK^USA
KLX^Kalamata^^^Greece
KLZ^Kleinsee^^^South Africa
KMI^Miyazaki^^^Japan
KMJ^Kumamoto^^^Japan
KMP^Keetmanshoop^^^Namibia
KMQ^Komatsu^^^Japan
KNC^Ji'An^^^Jiangxi, PR China
KNS^King Island^^^King Island (Australia)
KNX^Kununurra^^^Australia
KOA^Kona^^HI^USA
KOI^Kirkwall (Orkney)^^^United Kingdom
KOI^Orkney^Kirkwall^^United Kingdom
KOJ^Kagoshima^^^Japan
KOK^Kokkola/Pietarsaari^^^Finland
KRB^Karumba^^^Australia
KRK^Krakau^^^Poland
KRN^Kiruna^^^Sweden
KRP^Karup^^^Denmark
KRS^Kristiansand^^^Norway
KRT^Khartoum^Khartoum International Airport^^Sudan
KSD^Karlstad^^^Sweden
KSL^Kassala^^^Sudan
KSU^Kristiansund^^^Norway
KTA^Karratha^^^Australia
KTB^Thorne Bay^^AK^USA
KTM^Kathmandu^Tribhuvan International Airport^^Nepal
KTN^Ketchikan^^AK^USA
KTR^Katherine^^^Australia
KTT^Kittil&auml;^^^Finland
KUA^Kuantan^^^Malaysia
KUB^Kuala Belait^^^Brunei
KUH^Kushiro^^^Japan
KUL^Kuala Lumpur^International Airport^^Malaysia
KUO^Kuopio^^^Finland
KVA^Kavalla^^^Greece
KWI^Kuwait^Kuwait International^^Kuwait
KWL^Guilin^Liangjiang^^Guangxi, PR China
KWM^Kowanyama^^^Australia
KYA^Konya^^^Turkey
KYS^Kars^^^Turkey
KZN^Kazan (Ka San)^^^Russia
LAD^Luanda^4 de Fevereiro^^Angola
LAE^Lae^^^Papua New Guinea
LAF^Lafayette^^IN^USA
LAI^Lannion^^^France
LAN^Lansing^^MI^USA
LAP^La Paz^Leon^^Mexico
LAR^Laramie^^WY^USA
LAS^Las Vegas^^NV^USA
LAW^Lawton^^OK^USA
LAX^Los Angeles^International^CA^USA
LBA^Leeds/Bradford^^^United Kingdom
LBB^Lubbock^^TX^USA
LBE^Latrobe^^PA^USA
LBG^Paris^Le Bourget^^France
LBI^Albi^^^France
LBQ^Lambarene^^^Gabon
LBU^Labuan^^^Malaysia
LBV^Libreville^^^Gabon
LCA^Larnaca^^^Cyprus
LCG^La Coruna^^^Spain
LCH^Lake Charles, La^^^USA
LCY^London^City Airport^^United Kingdom
LDC^Lindeman Island^^^Australia
LDE^Lourdes/Tarbes^^^France
LDK^Lidkoeping^^^Sweden
LDY^Derry (Londonderry)^^^United Kingdom
LDY^Londonderry^Eglinton^^United Kingdom
LEA^Learmouth (Exmouth)^^^Australia
LEB^Lebanon^^NH^USA
LED^St. Petersburg (Leningrad)^Pulkovo^^Russia
LEI^Almeria^^^Spain
LEJ^Leipzig^^^Germany
LEK^Labe^^^Guinea
LER^Leinster^^^Australia
LEX^Lexington^^KY^USA
LEY^Lelystad^^^Netherlands
LFT^Lafayette, La^^^USA
LFW^Lome^^^Togo
LGA^New York^LaGuardia^NY^USA
LGB^Long Beach^^CA^USA
LGG^Liege^^^Belgium
LGK^Langkawi^^^Malaysia
LGW^London^Gatwick^^United Kingdom
LHE^Lahore^^^Pakistan
LHR^London^Heathrow^^United Kingdom
LIF^Lifou^^^Loyaute, Pazifik
LIG^Limoges^^^France
LIH^Lihue^^HI^USA
LIJ^Long Island^^AK^USA
LIL^Lille^^^France
LIM^Lima^J Chavez International^^Peru
LIN^Milan^Linate^^Italy
LIQ^Lisala^^^Congo (DRC)
LIS^Lisbon^Lisboa^^Portugal
LIT^Little Rock^^AR^USA
LJU^Ljubljana^Brnik^^Slovenia
LKL^Lakselv^^^Norway
LKO^Lucknow^^^India
LLA^Lulea^^^Sweden
LLW^Lilongwe^Lilongwe International^^Malawi
LMM^Los Mochis^^^Mexico
LMP^Lampedusa^^^Italy
LMT^Klamath Fall^^OR^USA
LNK^Lincoln^^NE^USA
LNO^Leonora^^^Australia
LNS^Lancaster^^PA^USA
LNY^Lanai City^^HI^USA
LNZ^Linz^Hoersching^^Austria
LON^London Metropolitan Area^^^United Kingdom
LOS^Lagos^Murtala Muhammed^^Nigeria
LPA^Las Palmas^^^Spain
LPB^La Paz^El Alto^^Bolivia
LPL^Liverpool^^^United Kingdom
LPP^Lappeenranta^^^Finland
LQE^Land's End^^^United Kingdom
LRD^Laredo^^TX^USA
LRE^Longreach^^^Australia
LRF^JacksonvilleLittle Rock AFB ^^ARLittle Rock AFB ^USA
LRH^La Rochelle^^^France
LRM^Casa de Campo/La Romana^^^Dominican Republic
LRT^Lorient^^^France
LSE^La Crosse^^WI^USA
LSG^Ishigaki^^^Japan
LSI^Sumburgh (Shetland)^^^United Kingdom
LST^Launceston^^^Australia
LSY^Lismore^^^Australia
LSZ^Losinj^Losinj Arpt^^Croatia (Hrvatska)
LTN^London^Luton^^United Kingdom
LTO^Loreto^^^Mexico
LUD^Luederitz^^^Namibia
LUG^Lugano^^^Switzerland
LUJ^Lusisiki^^^South Africa
LUM^Luxi^Mangshi^^Yunnan, PR China
LUN^Lusaka^^^Zambia
LUX^Luxembourg^^^Luxembourg
LVO^Laverton^^^Australia
LWB^Greenbrier/Lewisburg^^WV^USA
LWK^Lerwick/Tingwall (Shetland Islands)^^^United Kingdom
LWO^Lvov (Lwow, Lemberg)^^^Ukraine
LWS^Lewiston^^ID^USA
LWT^Lewistown^^MT^USA
LXR^Luxor^^^Egypt
LYH^Lynchburg^^VA^USA
LYN^Lyon^Bron^^France
LYO^Lyons^Rice County Municipal^KS^USA
LYP^Faisalabad^^^Pakistan
LYR^Longyearbyen^Svalbard^^Svalbard/Norway
LYS^Lyon^Satolas^^France
LYX^Lydd^Lydd International Airport^^United Kingdom
LZC^Lazaro Cardenas^^^Mexico
LZR^Lizard Island^^^Australia
MAA^Chennai (Madras)^^^India
MAA^Madras (Chennai)^^^India
MAD^Madrid^Barajas^^Spain
MAF^Midland/Odessa^^TX^USA
MAH^Mahon^^^Spain
MAN^Manchester^^^United Kingdom
MAO^Manaus^^^Brazil
MAR^Maracaibo^La Chinita^^Venezuela
MAU^Maupiti^^^French Polynesia
MAZ^Mayaguez^^^Puerto Rico
MBA^Mombasa^Moi International^^Kenya
MBH^Maryborough^^^Australia
MBJ^Montego Bay^Sangster International^^Jamaica
MBM^Mkambati^^^South Africa
MBS^Saginaw/Bay City/Midland^^MI^USA
MBX^Maribor^^^Slovenia
MCE^Merced^^CA^USA
MCI^Kansas City^Kansas City International Airport^MO^USA
MCL^Mt. McKinley^^AK^USA
MCN^Macon^^GA^USA
MCO^Orlando^International Airport^FL^USA
MCP^Macapa^^^Brazil
MCT^Muscat^Seeb^^Oman
MCW^Mason City^^IA^USA
MCY^Sunshine Coast^^^Australia
MCZ^Maceio^^^Brazil
MDC^Manado^^^Indonesia
MDE^Medellin^^^Colombia
MDL^Mandalay^Annisaton^^Myanmar
MDQ^Mar del Plata^^^Argentina
MDT^Harrisburg^Harrisburg International^PA^USA
MDW^Chicago, Midway^^IL, Midway^USA
MDY^Midway Island^Sand Island Field^^US Minor Outlying Islands
MDZ^Mendoza^^^Argentina
MED^Madinah, Mohammad Bin Abdulaziz^^^Saudi Arabia
MED^Medina^^^Saudi Arabia
MEE^Mare^^^New Caledonia
MEI^Meridian^^MS^USA
MEL^Melbourne^Tullamarine^^Australia
MEM^Memphis^^TN^USA
MES^Medan^^^Indonesia
MEX^Mexico City^Juarez International^^Mexico
MEX^Mexico City^^^Mexico
MEZ^Messina^^^South Africa
MFE^McAllen^^TX^USA
MFF^Moanda^^^Gabon
MFG^Muzaffarabad^^^Pakistan
MFM^Macau^^^Macau, China SAR
MFN^Milford Sound^^^New Zealand
MFO^Manguna^^^Papua New Guinea
MFQ^Maradi^^^Niger
MFR^Medford^^OR^USA
MFU^Mfuwe^^^Zambia
MGA^Managua^Augusto C Sandino^^Nicaragua
MGB^Mount Gambier^^^Australia
MGH^Margate^^^South Africa
MGM^Montgomery^^AL^USA
MGQ^Mogadishu^^^Somalia
MGW^Morgantown^^WV^USA
MHE^Mitchell^^SD^USA
MHH^Marsh Harbour^^^Bahamas
MHQ^Mariehamn (Maarianhamina)^^^Finland
MHT^Manchester^^NH^USA
MIA^Miami^^FL^USA
MID^Merida^^^Mexico
MIK^Mikkeli^^^Finland
MIL^Milan^^^Italy
MIM^Merimbula^^^Australia
MIR^Monastir^^^Tunisia
MJC^Man^^^Cote d'Ivoire
MJD^Moenjodaro^^^Pakistan
MJL^Mouila^^^Gabon
MJN^Majunga^^^Madagascar
MJQ^Jackson^^MN^USA
MJT^Mytilene (Lesbos)^^^Greece
MJV^Murcia^^^Spain
MKE^Milwaukee^^WI^USA
MKG^Muskegon^^MI^USA
MKK^Kaunakakai^^HI^USA
MKL^Jackson^Mckellar^TN^USA
MKR^Meekatharra^^^Australia
MKY^Mackay^^^Australia
MLA^Luga^^^Malta
MLB^Melbourne^^FL^USA
MLE^Male^International^^Maledives
MLH^Mulhouse^^^France
MLI^Moline/Quad Cities^^IL^USA
MLM^Morelia^^^Mexico
MLS^Miles City^^MT^USA
MLU^Monroe, La^^^USA
MLW^Monrovia^^^Liberia
MLX^Malatya^^^Turkey
MMA^Malmo (Malmoe)^^^Sweden
MME^Teesside, Durham Tees Valley^^^United Kingdom
MMG^Mount Magnet^^^Australia
MMJ^Matsumoto, Nagano^^^Japan
MMK^Murmansk^^^Russia
MMM^Middlemount^^^Australia
MMX^Malmo (Malm&ouml;)^Sturup^^Sweden
MMY^Miyako Jima (Ryuku Islands)^Hirara^^Japan
MNL^Manila^Ninoy Aquino International^^Philippines
MOB^Mobile, AL^Pascagoula^MS^USA
MOD^Modesto^^CA^USA
MOT^Minot^^ND^USA
MOV^Moranbah^^^Australia
MOW^Moscow^Metropolitan Area^^Russia
MOZ^Moorea^^^French Polynesia
MPA^Katima Mulilo/Mpacha^^^Namibia
MPD^Sindhri^^^Pakistan
MPL^Montpellier^Frejorgues^^France
MPM^Maputo^Maputo International^^Mozambique
MQL^Mildura^^^Australia
MQM^Mardin^^^Turkey
MQP^Nelspruit^Kruger Mpumalanga International Airport^^South Africa
MQQ^Moundou^^^Chad
MQT^Marquette^^MI^USA
MRB^Martinsburg^^WV^USA
MRS^Marseille^^^France
MRU^Mauritius^S.Seewoosagur Ram International^^Mauritius
MRV^Mineralnye Vody^^^Russia
MRY^Monterey^^CA^USA
MRZ^Moree^^^Australia
MSE^Kent (Manston) Kent International^^^United Kingdom
MSL^Muscle Shoals^^AL^USA
MSN^Madison^^WI^USA
MSO^Missula^^MT^USA
MSP^Minneapolis^St. Paul International Airport^MN^USA
MSQ^Minsk, International^^^Belarus
MSR^Mus^^^Turkey
MST^Maastricht/Aachen^^^Netherlands
MSU^Maseru^Moshoeshoe International^^Lesotho
MSY^New Orleans, La^^^USA
MTH^Marathon^^FL^USA
MTJ^Montrose/Tellruide^^CO^USA
MTL^Maitland^^^Australia
MTM^Metlakatla^^AK^USA
MTO^Mattoon^^IL^USA
MTS^Manzini^Matsapha International^^Swaziland
MTT^Minatitlan^^^Mexico
MTY^Monterrey^Gen. Mariano Escobedo^^Mexico
MUB^Maun^^^Botswana
MUC^Muenchen (Munich)^Franz Josef Strauss^^Germany
MUE^Kamuela^^HI^USA
MUH^Marsa Matrah (Marsa Matruh)^^^Egypt
MUX^Multan^^^Pakistan
MVB^Mvengue^^^Gabon
MVD^Montevideo^Carrasco^^Uruguay
MVR^Maroua^^^Cameroon
MVY^Martha's Vineyard^^MA^USA
MVZ^Masvingo^^^Zimbabwe
MWD^Mianwali^^^Pakistan
MWH^Moses Lake^^WA^USA
MXL^Mexicali^^^Mexico
MXP^Milan^Malpensa^^Italy
MYA^Moruya^^^Australia
MYD^Malindi^^^Kenya
MYJ^Matsuyama^^^Japan
MYQ^Mysore^^^India
MYR^Myrtle Beach^Myrtle Beach AFB^SC^USA
MYY^Miri^^^Malaysia
MZF^Mzamba^^^South Africa
MZG^Makung^^^Taiwan
MZM^Metz^Frescaty^^France
MZT^Mazatlan^^^Mexico
MZY^Mossel Bay^^^South Africa
NAA^Narrabri^^^Australia
NAG^Nagpur^^^India
NAJ^Nakhichevan^^^Azerbaijan
NAN^Nadi^^^Fiji
NAP^Naples^^^Italy
NAS^Bahamas^Lynden Pindling International Airport^^The Bahamas
NAS^Nassau^^^Bahamas
NAT^Natal^^^Brazil
NAY^Beijing^Nanyuan Airport^^China
NBO^Nairobi^^^Kenya
NCE^Nice^Cote D'Azur^^France
NCL^Newcastle^^^United Kingdom
NCS^Newcastle^^^South Africa
NCY^Annecy^^^France
NDB^Nouadhibou^^^Mauritania
NDJ^N'Djamena^^^Chad
NDU^Rundu^^^Namibia
NEV^Nevis^^^St. Kitts and Nevis
NGE^N'Gaoundere^^^Cameroon
NGO^Nagoya^Komaki AFB^^Japan
NGS^Nagasaki^^^Japan
NIC^Nicosia^^^Cyprus
NIM^Niamey^^^Niger
NIP^Jacksonville Jacksonville NAS ^^FL Jacksonville NAS ^USA
NKC^Nouakchott^^^Mauritania
NLA^N'Dola^^^Zambia
NLD^Nuevo Laredo^^^Mexico
NLK^Norfolk Island^^^Australia
NLP^Nelspruit^^^South Africa
NLU^Mexico City^Santa Lucia^^Mexico
NLV^Nikolaev^^^Ukraine
NNG^Nanning^^^Guangxi, PR China
NOC^Knock^^^Ireland
NOP^Mactan Island^Nab^^Philippines
NOU^Noumea^^^New Caledonia
NQY^Newquay^^^United Kingdom
NRA^Narrandera^^^Australia
NRK^Norrkoeping^^^Sweden
NRT^Tokyo^Narita^^Japan
NSA^Noosa^^^Australia
NSN^Nelson^^^New Zealand
NSO^Scone^^^Australia
NST^Nakhon Si Thammarat^^^Thailand
NTE^Nantes^^^France
NTL^Newcastle^Williamtown^^Australia
NTR^Monterrey^Aeropuerto Del Norte^^Mexico
NTY^Pilanesberg/Sun City^^^South Africa
NUE^Nürnberg (Nuremberg)^^^Germany
NWI^Norwich^^^United Kingdom
NYC^New York^^NY^USA
NZC^Jacksonville^Cecil Field NAS ^FL^USA
OAG^Orange^^^Australia
OAJ^Jacksonville^^NC^USA
OAK^Oakland^^CA^USA
OAX^Oaxaca^Xoxocotlan^^Mexico
ODA^Ouadda^^^Central African Republic
ODB^Cordoba^^^Spain
ODE^Odense^^^Denmark
ODS^Odessa^^^Ukraine
OGG^Kahului^^HI^USA
OHD^Ohrid^^^Macedonia
OHT^Kohat^^^Pakistan
OIT^Oita^^^Japan
OKA^Okinawa, Ryukyo Island^Naha^^Japan
OKC^Oklahoma City^Will Rogers World^OK^USA
OKD^Sapporo^Okadama^^Hokkaido, Japan
OKJ^Okayama^^^Japan
OKU^Mokuti^^^Namibia
OLB^Olbia^^^Italy
OLF^Wolf Point^^MT^USA
OLP^Olympic Dam^^^Australia
OMA^Omaha^^NE^USA
OMD^Oranjemund^^^Namibia
OME^Nome^^AK^USA
OMH^Urmiehm (Orumieh)^^^Iran
OMO^Mostar^^^Bosnia and Herzegovina
OND^Ondangwa^^^Namibia
ONT^Ontario^^CA^USA
OOL^Gold Coast^^^Australia
OOM^Cooma^^^Australia
OPO^Porto^^^Portugal
ORB^Oerebro^^^Sweden
ORD^Chicago, O'Hare International Airport^^IL, O'Hare International Airport^USA
ORF^Norfolk/Virginia Beach^^VA^USA
ORH^Worcester^^MA^USA
ORK^Cork^^^Ireland
ORL^Orlando Metropolitan Area^^FL^USA
ORN^Oran (Ouahran)^^^Algeria
ORS^Orpheus Island^^^Australia
ORY^Paris^Orly^^France
OSA^Osaka, Metropolitan Area^^^Japan
OSH^Oshkosh^^WI^USA
OSI^Osijek^^^Croatia (Hrvatska)
OSL^Oslo^^^Norway
OSM^Mosul^^^Iraq
OTH^North Bend^^OR^USA
OTP ^Bucharest^Henri Coandă International Airport^^Romania
OTZ^Kotzbue^^AK^USA
OUA^Ouagadougou^^^Burkina Faso
OUD^Oujda^^^Morocco
OUH^Oudtshoorn^^^South Africa
OUK^Out Skerries (Shetland)^^^United Kingdom
OUL^Oulu^^^Finland
OUZ^Zouerate^^^Mauritania
OVB^Novosibirsk^Tolmachevo^^Russia
OVD^Oviedo^^^Spain
OWB^Owensboro^^KY^USA
OXR^Oxnard^^CA^USA
OZZ^Ouarzazate^^^Morocco
PAD^Paderborn/Lippstadt^^^Germany
PAH^Paducah^^KY^USA
PAP^Port au Prince^^^Haiti
PAR^Paris^^^France
PAT^Patna^^^India
PBC^Puebla^^^Mexico
PBH^Paro^^^Bhutan
PBI^West Palm Beach^^FL^USA
PBM^Paramaribo^Zanderij International^^Suriname
PBO^Paraburdoo^^^Australia
PBZ^Plettenberg Bay^^^South Africa
PDL^Ponta Delgada^^^Portugal
PDT^Pendelton^^OR^USA
PDX^Portland International^^OR^USA
PEG^Perugia^^^Italy
PEI^Pereira^^^Colombia
PEK^Beijing^^^China
PEN^Penang International^^^Malaysia
PER^Perth International^^^Australia
PEW^Peshawar^^^Pakistan
PFN^Panama City^^FL^USA
PFO^Paphos^^^Cyprus
PGA^Page/Lake Powell^^AZ^USA
PGF^Perpignan^^^France
PGV^Greenville^^NC^USA
PHC^Port Harcourt^^^Nigeria
PHE^Port Hedland^^^Australia
PHF^Newport News/Williamsburg^^VA^USA
PHL^Philadelphia^International^PA^USA
PHW^Phalaborwa^^^South Africa
PHX^Phoenix^Sky Harbor International^AZ^USA
PIA^Peoria/Bloomington^^IL^USA
PIB^Laurel/Hattisburg^^MS^USA
PIH^Pocatello^^ID^USA
PIK^Glasgow, Prestwick^^^United Kingdom
PIR^Pierre^^SD^USA
PIS^Poitiers^Biard^^France
PIT^Pittsburgh International Airport^^PA^USA
PJG^Panjgur^^^Pakistan
PKB^Pakersburg, WV/Marietta^^OH^USA
PKW^Selibi Phikwe^^^Botswana
PLB^Plattsburgh^^NY^USA
PLN^Pellston^^MI^USA
PLO^Port Lincoln^^^Australia
PLZ^Port Elizabeth^^^South Africa
PMD^Palmdale/Lancaster^^CA^USA
PMI^Palma de Mallorca^^^Spain
PMO^Palermo^Punta Raisi^^Italy
PMR^Palmerston North^^^New Zealand
PMV^Margerita^^^Venezuela
PNH^Phnom Penh^Pochentong^^Cambodia
PNI^Pohnpei^^^Micronesia
PNL^Pantelleria^^^Italy
PNQ^Pune^^^India
PNR^Pointe Noire^^^Congo (ROC)
PNS^Pensacola^^FL^USA
POA^Porto Alegre^^^Brazil
POG^Port Gentil^^^Gabon
POM^Port Moresby^Jackson Field^^Papua New Guinea
POP^Puerto Plata^^^Dominican Republic
POR^Pori^^^Finland
POS^Port of Spain^Piarco International^^Trinidad and Tobago
POU^Poughkeepsie^^NY^USA
POZ^Poznan, Lawica^^^Poland
PPG^Pago Pago^^^American Samoa
PPP^Prosperpine^^^Australia
PPT^Papeete^Faaa^^French Polynesia (Tahiti)
PQI^Presque Island^^ME^USA
PQQ^Port Macquarie^^^Australia
PRG^Prague^Ruzyne^^Czech Republic
PRN^Pristina^^^Serbia
PRY^Pretoria^Wonderboom Apt.^^South Africa
PSA^Pisa^Galileo Galilei^^Italy
PSC^Pasco^^WA^USA
PSD^Port Said^^^Egypt
PSE^Ponce^^^Puerto Rico
PSG^Petersburg^^AK^USA
PSI^Pasni^^^Pakistan
PSP^Palm Springs^^CA^USA
PSR^Pescara^^^Italy
PTG^Pietersburg^^^South Africa
PTJ^Portland^^^Australia
PTP^Basse-Terre^Basse-Pointe-à-Pitre International Airport^^Guadeloupe
PTP^Pointe a Pitre^^^Guadeloupe
PTY^Panama City^Tocumen International^^Panama
PUB^Pueblo^^CO^USA
PUF^Pau^^^France
PUG^Port Augusta^^^Australia
PUJ^Punta Cana^^^Dominican Republic
PUQ^Punta Arenas^^^Chile
PUS^Pu San (Pusan)^Kimhae^^South Korea
PUW^Pullman^^WA^USA
PUY^Pula^^^Croatia (Hrvatska)
PVD^Providence^^RI^USA
PVG^Shanghai^Pu Dong^^China
PVH^Porto Velho^^^Brazil
PVK^Preveza/Lefkas^^^Greece
PVR^Puerto Vallarta^^^Mexico
PWM^Portland^^ME^USA
PXM^Puerto Escondido^^^Mexico
PXO^Porto Santo^^^Portugal
PYB^Jeypore^Jeypore Airport^^India
PYX^Pattaya^^^Thailand
PZB^Pietermaritzburg^^^South Africa
PZH^Zhob^^^Pakistan
PZO^Puerto Ordaz^^^Venezuela
QCB^Chiba City^^^Japan
QGF^Montenegro^^^Brazil
QJU^Kanpur^^^India
QLI^Limassol^^^Cyprus
QML^Mirpur^^^Pakistan
QNB^Anand^^^India
QND^Novi Sad^^^Serbia
QPG^Singapore^Paya Lebar^^Singapore
QUF^Tallinn^Pirita Harbour^^Estonia
RAI^Praia^^^Cape Verde
RAJ^Rajkot^^^India
RAK^Marrakech^Menara^^Morocco
RAP^Rapid City^^SD^USA
RAR^Rarotonga^^^Cook Island
RAZ^Rawala Kot^^^Pakistan
RBA^Rabat^Sale^^Morocco
RBR^Rio Branco^^^Brazil
RCB^Richards Bay^^^South Africa
RDD^Redding^^CA^USA
RDG^Reading^^PA^USA
RDM^Redmond^^OR^USA
RDU^Raleigh/Durham^^NC^USA
RDZ^Rodez^^^France
REC^Recife^^^Brazil
REG^Reggio Calabria^^^Italy
REK^Reykjavik^Metropolitan Area^^Iceland
REU^Reus^^^Spain
RFD^Rockford^^IL^USA
RFP^Raiatea^^^French Polynesia
RGI^Rangiroa^^^French Polynesia
RGN^Rangoon (Yangon)^Mingaladon^^Myanmar
RGN^Yangon (Rangoon)^Mingaladon^^Myanmar
RHI^Rhinelander^^WI^USA
RHO^Rhodos^^^Greece
RIC^Richmond^^VA^USA
RIO^Rio de Janeiro^^^Brazil
RIX^Riga^^^Latvia
RJK^Rijeka^^^Croatia (Hrvatska)
RKD^Rockland^^ME^USA
RKS^Rock Springs^^WY^USA
RKT^Ras al Khaymah (Ras al Khaimah)^^^United Arab Emirates
RLT^Arlit^^^Niger
RMF^Marsa Alam^^^Egypt
RMI^Rimini^^^Italy
RNB^Ronneby^^^Sweden
RNE^Roanne^^^France
RNN^Roenne^^^Denmark
RNO^Reno^^NV^USA
RNS^Rennes^^^France
ROA^Roanoke^^VA^USA
ROB^Monrovia^Roberts International^^Liberia
ROC^Rochester^^NY^USA
ROK^Rockhampton^^^Australia
ROM^Rome^^^Italy
ROS^Rosario^^^Argentina
ROT^Rotorua^^^New Zealand
ROU^Ruse^^^Bulgaria
RRG^Rodrigues Island^^^Mauritius
RSA^Santa Rosa^^^Argentina
RSD^Rock Sound^^^Bahamas
RST^Rochester^^MN^USA
RSW^Fort Myers, Southwest Florida Reg^^FL^USA
RTB^Roatan^^^Honduras
RTM^Rotterdam^^^Netherlands
RUH^Riyadh^King Khaled International^^Saudi Arabia
RUN^Saint Denis de la Reunion^^^Reunion
RVN^Rovaniemi^^^Finland
RWI^Rocky Mount^Wilson^NC^USA
RWP^Rawalpindi^^^Pakistan
RYK^Rahim Yar Khan^^^Pakistan
SAH^Sanaa (Sana'a)^Sana'a International^^Yemen
SAL^San Salvador^^^El Salvador
SAN^San Diego^Lindberg Field International^CA^USA
SAO^Sao Paulo^^^Brazil
SAP^San Pedro Sula^^^Honduras
SAT^San Antonio^^TX^USA
SAV^Savannah^^GA^USA
SAW^Istanbul^Sabiha Gokcen^^Turkey
SAY^Salisbury^^^Zimbabwe
SBA^Santa Barbara^^CA^USA
SBK^Saint Brieuc^^^France
SBN^South Bend^^IN^USA
SBP^San Luis Obisco^^CA^USA
SBU^Springbok^^^South Africa
SBW^Sibu^^^Malaysia
SBY^Salisbury^^MD^USA
SCC^Prudhoe Bay^^AK^USA
SCE^State College/Belefonte^^PA^USA
SCF^Scottsdale^^AZ^USA
SCK^Stockton^^CA^USA
SCL^Santiago de Chile^Arturo Merino Benitez^^Chile
SCN^Saarbruecken^^^Germany
SCQ^Santiago de Compostela^^^Spain
SCU^Santiago^Antonio Maceo Airport^^Cuba
SDA^Bagdad^International Airport^^Iraq
SDF^Louisville^^KY^USA
SDH^Santa Rosa, Copan^^^Honduras
SDJ^Sendai^^^Japan
SDL^Sundsvall^^^Sweden
SDQ^Santo Domingo^^^Dominican Republic
SDR^Santander^^^Spain
SDS^Sado Shima^^^Japan
SDT^Saidu Sharif^^^Pakistan
SDU^Rio de Janeiro^Santos Dumont^^Brazil
SDY^Sidney^^MT^USA
SEA^Seattle/Tacoma^^WA^USA
SEB^Sehba^^^Libya
SEL^Seoul^Kimpo^^South Korea
SEN^Southend (London)^^^United Kingdom
SEW^Siwa^^^Egypt
SEZ^Mahe^Seychelles International^^Seychelles
SFA^Sfax^^^Tunisia
SFG^St. Martin^^^St. Martin (Guadeloupe)
SFJ^Soendre Stroemfjord^^^Greenland
SFO^San Francisco^International Airport^SA^USA
SGD^Soenderborg^^^Denmark
SGF^Springfield^^MO^USA
SGN^Ho Chi Minh City (Saigon)^Tan Son Nhat International^^Viet Nam
SGN^Saigon (Ho Chi Minh City)^^^Viet Nam
SGU^St. George^^UT^USA
SGY^Skagway^^AK^USA
SHA^Shanghai^Hongqiao^^China
SHD^Shenandoah Valley/Stauton^^VA^USA
SHE^Shenyang^^^Liaoning, PR China
SHJ^Sharjah^^^United Arab Emirates
SHR^Sheridan^^WY^USA
SHV^Shreveport, La^^^USA
SID^Sal^^^Cape Verde
SIN^Singapore^Changi^^Singapore
SIP^Simferopol^^^Ukraine
SIS^Sishen^^^South Africa
SIT^Sitka^^AK^USA
SIX^Singleton^^^Australia
SJC^San Jose^^CA^USA
SJD^Los Cabos^^^Mexico
SJD^San Jose Cabo^^^Mexico
SJJ^Sarajevo^^^Bosnia and Herzegovina
SJO^San Jose^^^Costa Rica
SJT^San Angelo^^TX^USA
SJU^San Juan^^^Puerto Rico
SJY^Seinaejoki^^^Finland
SKB^Basseterre^Robert L. Bradshaw International Airport^^Saint Kitts and Nevis
SKB^St. Kitts^^^St. Kitts and Nevis
SKD^Samarkand^^^Uzbekistan
SKG^Saloniki^^^Greece
SKG^Thessaloniki^Makedonia Apt.^^Greece
SKP^Skopje^^^Macedonia
SKS^Skrydstrup^^^Denmark
SKV^Santa Katarina^Mount Sinai^^Egypt
SKZ^Sukkur^^^Pakistan
SLA^Salta, Gen Belgrano^^^Argentina
SLC^Salt Lake City^^UT^USA
SLE^Salem^^OR^USA
SLL^Salalah^^^Oman
SLP^San Luis Potosi^^^Mexico
SLS^Silistra^^^Bulgaria
SLU^Castries^George F. L. Charles Airport^^Saint Lucia
SLU^St. Lucia Vigle^^^Saint Lucia
SLZ^Sao Luis^^^Brazil
SMA^Santa Maria^^^Portugal
SMF^Sacramento^^CA^USA
SMI^Samos^^^Greece
SMX^Santa Maria^^CA^USA
SNA^Orange County (Santa Ana)^^CA^USA
SNA^Santa Ana^John Wayne Airport^CA^USA
SNC^Salinas^^^Ecuador
SNN^Shannon (Limerick)^^^Ireland
SNS^Salinas^^CA^USA
SOF^Sofia^Vrazhdebna^^Bulgaria
SOG^Sogndal^^^Norway
SOI^South Molle Island^^^Australia
SON^Santo^^^Vanuatu
SOT^Sodankylae^^^Finland
SOU^Southampton^Eastleigh^^United Kingdom
SPC^Santa Cruz de la Palma^^^Spain
SPI^Springfield^^IL^USA
SPK^Sapporo^^^Hokkaido, Japan
SPN^Saipan^^^Northern Mariana Islands
SPS^Wichita Falls^^TX^USA
SPU^Split^^^Croatia (Hrvatska)
SPY^San Pedro^^^Cote d'Ivoire
SRA^Santa Rosa^^^Brazil
SRB^Santa Rosa^^^Bolivia
SRL^Santa Rosalia^^^Mexico
SRQ^Sarasota/Bradenton^^FL^USA
SRZ^Santa Cruz de la Sierra^^^Bolivia
SSA^Salvador^^^Brazil
SSG^Malabo^^^Equatorial Guinea
SSH^Sharm El Sheikh^^^Egypt
SSL^Santa Rosalia^^^Colombia
STL^St. Louis^Lambert^MO^USA
STN^London^Stansted^^United Kingdom
STN^Stansted (London)^^^United Kingdom
STO^Stockholm Metropolitan Area^^^Sweden
STR^Stuttgart^Echterdingen^^Germany
STS^Santa Rosa^^CA^USA
STT^St. Thomas^^^Virgin Islands (U.S.)
STV^Surat^^^India
STX^St. Croix^^^Virgin Islands (U.S.)
SUB^Surabaya^Juanda^^Indonesia
SUF^Lamezia Terme^^^Italy
SUL^Sui^^^Pakistan
SUM^Agana (Hagåtña)^^^Guam
SUN^Sun Valley^^ID^USA
SUV^Nausori^^^Fiji/Suva
SUV^Suva/Nausori^^^Fiji
SUX^Sioux City^^IA^USA
SVD^Kingstown^E. T. Joshua Airport^^Saint Vincent and the Grenadines
SVD^St. Vincent^^^Saint Vincent and the Grenadines
SVG^Stavanger^^^Norway
SVL^Savonlinna^^^Finland
SVO^Moscow^Sheremetyevo^^Russia
SVQ^Sevilla^^^Spain
SWF^Newburgh^^NY^USA
SWP^Swakopmund^^^Namibia
SXB^Strassburg^^^France
SXF^Berlin, Schoenefeld^^^Germany
SXL^Sligo^^^Ireland
SXM^St. Marteen^^^Netherlands Antilles
SXR^Srinagar^^^India
SYD^Sydney^^^Australia
SYR^Syracuse^^NY^USA
SYY^Stornway^^^United Kingdom
SZB^Kuala Lumpur^Sultan Abdul Aziz Shah^^Malaysia
SZD^Sheffield, City Airport^^^United Kingdom
SZF^Samsun^^^Turkey
SZG^Salzburg^W.A. Mozart^^Austria
SZK^Skukuza^^^South Africa
SZX^Shenzhen^Baoan^^Guangdong, PR China
SZZ^Stettin^^^Poland
TAB^Scarborough^Crown Point International^^Trinidad and Tobago
TAB^Tobago^^^Trinidad and Tobago
TAK^Takamatsu^^^Japan
TAM^Tampico^Gen. F. Javier Mina^^Mexico
TAO^Qingdao^^^Shandong, PR China
TAS^Tashkent^Vostochny^^Uzbekistan
TAY^Taipei^Sung Shan^^Taiwan
TBS^Tbilisi^Novo Alexeyevka^^Georgia
TBU^Nuku'alofa^Fua'Amotu International^^Tonga
TCA^Tennant Creek^^^Australia
TCB^Treasure Cay^^^Bahamas
TCI^Tenerife^^^Spain
TCL^Tuscaloosa^^AL^USA
TCU^Thaba'Nchu^^^South Africa
TED^Thisted^^^Denmark
TEM^Temora^^^Australia
TEQ^Tekirdag^Corlu^^Turkey
TER^Terceira^^^Portugal
TEU^Te Anau^^^New Zealand
TEX^Telluride^^CO^USA
TFN^Los Rodeos^^^Teneriffa/Spain
TFN^Tenerife^Norte Los Rodeos^^Spain
TFS^Reina Sofia^^^Teneriffa/Spain
TFS^Tenerife^Sur Reina Sofia^^Spain
TGD^Podgorica^^^Montenegro
TGU^Tegucigalpa^^^Honduras
TGV^Targovishte^^^Bulgaria
TGZ^Tuxtla Gutierrez^^^Mexico
THE^Teresina^^^Brazil
THF^Berlin, Tempelhof^^^Germany
THR^Tehran (Teheran)^Mehrabad^^Iran
TIA^Tirana^Rinas^^Albania
TIF^Taif^^^Saudi Arabia
TIJ^Tijuana^Rodriguez^^Mexico
TIP^Tripoli^Tripoli International^^Libya
TIS^Thursday Island^^^Australia
TIV^Tivat^^^Montenegro
TKA^Talkeetna^^AK^USA
TKS^Tokushima^^^Japan
TKU^Turku^^^Finland
TLH^Tallahassee^^FL^USA
TLL^Tallinn^Ulemiste^^Estonia
TLS^Toulouse^Blagnac^^France
TLV^Tel Aviv^Ben Gurion International^^Israel
TMP^Tampere^^^Finland
TMS^Sao Tome^^^Sao Tome &amp; Principe
TMW^Tamworth^^^Australia
TMZ^Termez (Termes)^^^Uzbekistan
TNA^Jinan^^^Shandong, PR China
TNG^Tangier^Boukhalef^^Morocco
TNR^Antananarivo (Tanannarive)^Ivato International Airport^^Madagascar
TOD^Tioman^^^Indonesia
TOL^Toledo^^OH^USA
TOS^Tromsoe^^^Norway
TOU^Touho^^^New Caledonia
TOV^Tortola^^^British Virgin Islands
TOY^Toyama^^^Japan
TPA^Tampa^International^FL^USA
TPE^Taipei^Chiang Kai Shek^^Taiwan
TPR^Tom Price^^^Australia
TPS^Trapani^^^Italy
TRD^Trondheim^^^Norway
TRF^Oslo^Sandefjord^^Norway
TRI^Tri-Cities Regional/VA^^TN/VA^USA
TRN^Turin^^^Italy
TRO^Taree^^^Australia
TRS^Trieste^^^Italy
TRV^Thiruvananthapuram^^^India
TRZ^Tiruchirapally^^^India
TSB^Tsumeb^^^Namibia
TSE^Astana^Astana International Airport^^Kazakhstan
TSF^Treviso^^^Italy
TSN^Tianjin^^^China
TSV^Townsville^^^Australia
TTN^Trenton/Princeton^^NJ^USA
TUK^Turbat^^^Pakistan
TUL^Tulsa^^OK^USA
TUN^Tunis^Carthage^^Tunisia
TUP^Tulepo^^MS^USA
TUS^Tucson^^AZ^USA
TUU^Tabuk^^^Saudi Arabia
TVC^Traverse City^^MI^USA
TVF^Thief River Falls^^MN^USA
TVL^Lake Tahoe^^CA^USA
TWB^Toowoomba^^^Australia
TWF^Twin Falls^^ID^USA
TWU^Tawau^^^Malaysia
TXK^Texarkana^^AR^USA
TXL^Berlin, Tegel^^^Germany
TYN^Taiyuan^^^Shanxi, PR China
TYO^Tokyo^^^Japan
TYR^Tyler^^TX^USA
TYS^Knoxville^^TN^USA
TZX^Trabzon^^^Turkey
UAH^Ua Huka^^^French Polynesia
UAK^Narsarsuaq^^^Greenland
UAP^Ua Pou^^^French Polynesia
UBA^Uberaba^^^Brazil
UBJ^Ube^^^Japan
UBP^Ubon Ratchathani^Muang Ubon Airport^^Thailand
UCA^Utica^Oneida County Airport^NY^USA
UCT^Ukhta^^^Russia
UDE^Uden^Volkel Airport^^Netherlands
UDI^Uberlandia^Eduardo Gomes Airport^^Brazil
UDJ^Uzhgorod^^^Ukraine
UDR^Udaipur^Dabok Airport^^India
UEE^Queenstown^^^Australia
UET^Quetta^^^Pakistan
UFA^Ufa^^^Russia
UGC^Urgench^^^Uzbekistan
UGO^Uige^^^Angola
UHE^Uherske Hradiste^^^Czech Republic
UII^Utila^^^Honduras
UIN^Quincy^^IL^USA
UIO^Quito^Mariscal Sucr^^Ecuador
UIP^Quimper^^^France
UIT^Jaluit Island ^^^Marshall Islands
UKB^Kobe^^^Japan
UKI^Ukiah^^CA^USA
UKY^Kyoto^^^Japan
ULB^Ulei^^^Vanuatu
ULD^Ulundi^^^South Africa
ULN^Ulaanbaatar^Buyant Uhaa Airport^^Mongolia
ULU^Gulu^^^Uganda
UMD^Uummannaq^^^Greenland
UME^Umea^^^Sweden
UMR^Woomera^^^Australia
UNI^Union Island^^^Saint Vincent and the Grenadines
UNK^Unalakleet^^AK^USA
UNT^Unst (Shetland Island)^Baltasound Airport^^United Kingdom
UPG^Ujung Pandang^Hasanudin Airport^^Indonesia
UPL^Upala^^^Costa Rica
UPN^Uruapan^^^Mexico
UPP^Upolu Point^^HI^USA
URB^Urubupunga^Ernesto Pochler Airport^^Brazil
URC^Urumqi^^^Xinjiang, PR China
URG^Uruguaiana^Ruben Berta Airport^^Brazil
URM^Uriman^^^Venezuela
URZ^Uruzgan^^^Afghanistan
USH^Ushuaia^Islas Malvinas Airport^^Argentina
USN^Ulsan^^^South Korea
UTH^Udon Thani^^^Thailand
UTN^Upington^^^South Africa
UTP^Utapao (Pattaya)^^^Thailand
UTT^Umtata^^^South Africa
UUD^Ulan-Ude^^^Russia
UVE^Oyem^^^Gabon/Loyautte
UVF^St. Lucia Hewanorra^^^Saint Lucia
UVL^Kharga^New Valley^^Egypt
UVL^New Valley^Kharga^^Egypt
VAA^Vaasa^^^Finland
VAN^Van^Ferit Melen^^Turkey
VAP^Valparaiso^^^Chile
VAR^Varna^^^Bulgaria
VAS^Sivas^^^Turkey
VBS^Brescia, Montichiari^^^Italy
VBS^Verona (Brescia) Montichiari^^^Italy
VBY^Visby^^^Sweden
VCE^Venice^Marco Polo^^Italy
VCP^Sao Paulo^Viracopos^^Brazil
VDA^Elat, Ovula^^^Israel
VDE^Valverde^^^Spain
VDZ^Valdez^^AK^USA
VEL^Vernal^^UT^USA
VER^Veracruz^^^Mexico
VFA^Victoria Falls^^^Zimbabwe
VGO^Vigo^^^Spain
VID^Vidin^^^Bulgaria
VIE^Wien (Vienna)^Vienna International^^Austria
VIJ^Virgin Gorda^^^Virgin Islands (British)
VIS^Visalia^^CA^USA
VIT^Vitoria^^^Spain
VIX^Vitoria^^^Brazil
VKO^Moscow^Vnukovo^^Russia
VLC^Valencia^^^Spain
VLD^Valdosta^^GA^USA
VLI^Port Vila^^^Vanuatu
VLL^Valladolid^^^Spain
VLN^Valencia^^^Venezuela
VLU^Velikiye Luki (Welikije Luki)^^^Russia
VNO^Vilnius^^^Lithuania
VNO^Wilna (Vilnius)^^^Lithuania
VNS^Varanasi^^^India
VPS^Fort Walton Beach^^FL^USA
VRA^Varadero^^^Cuba
VRB^Vero Beach/Ft. Pierce^^FL^USA
VRK^Varkaus^^^Finland
VRN^Verona^^^Italy
VSA^Villahermosa^^^Mexico
VST^Vasteras^^^Sweden
VTE^Vientiane^Wattay^^Lao PDR
VXO^Vaexjoe^^^Sweden
VYD^Vryheid^^^South Africa
WAS^Washington DC^^^USA
WAW^Warsaw^Frédéric Chopin^^Poland
WDH^Windhoek^Hosea Kutako International^^Namibia
WEI^Weipa^^^Australia
WEL^Welkom^^^South Africa
WGA^Wagga^^^Australia
WHK^Whakatane^^^New Zealand
WHM^Wickham^^^Australia
WIC^Wick^^^United Kingdom
WIE^Wiesbaden, Air Base^^^Germany
WLB^Labouchere Bay^^AK^USA
WLG^Wellington^^^New Zealand
WLS^Wallis^^^Wallis and Futuna Islands
WMB^Warrnambool^^^Australia
WNS^Nawab Shah^^^Pakistan
WOL^Wollongong^^^Australia
WRE^Whangarei^^^New Zealand
WRG^Wrangell^^AK^USA
WRL^Worland^^WY^USA
WUH^Wuhan^^^Hubei, PR China
WUN^Wiluna^^^Australia
WVB^Walvis Bay^^^South Africa
WYA^Whyalla^^^Australia
WYN^Wyndham^^^Australia
WYS^West Yellowstone^^MT^USA
XIY^Xi'an^Xianyang^^Shaanxi, PR China
XLB^Lac Brochet^^MB^Canada
XMH^Manihi^^^French Polynesia
XMN^Xiamen^^^Fujian, PR China
XPK^Pukatawagan^^^Canada
XRY^Jerez de la Frontera/Cadiz^La Parra^^Spain
XSI^South Indian Lake^^MB^Canada
XSP^Singapore^Seletar^^Singapore
YAK^Yakutat^^AK^USA
YAO^Yaounde^^^Cameroon
YAT^Attawapiskat^^NT^Canada
YBE^Uranium City^^^Canada
YCB^Cambridge Bay^^^Canada
YDF^Deer Lake/Corner Brook^^^Canada
YEA^Edmonton^^^Canada
YEG^Edmonton, International^^^Canada
YEV^Inuvik^^^Canada
YFA^Fort Albert^^^Canada
YFB^Iqaluit (Frobisher Bay)^^^Canada
YFC^Fredericton^^^Canada
YFO^Flin Flon^^^Canada
YGL^La Grande^^^Canada
YGW^Kuujjuarapik^^^Canada
YGX^Gillam^^^Canada
YHM^Hamilton^^^Canada
YHR^Harrington Harbour^^PQ^Canada
YHZ^Halifax International^^^Canada
YIF^St. Augustin^^PQ^Canada
YIH^Yichang^^^Hubei, PR China
YKA^Kamloops^^BC^Canada
YKM^Yakima^^WA^USA
YKS^Yakutsk^^^Russia
YLR^Leaf Rapids^^^Canada
YLW^Kelowna^^BC^Canada
YMM^Fort McMurray^^^Canada
YMQ^Montreal^^^Canada
YMX^Montreal^Mirabel^^Canada
YNB^Yanbu^^^Saudi Arabia
YOK^Yokohama^^^Japan
YOP^Rainbow Lake^^AB^Canada
YOW^Ottawa^Hull^^Canada
YPN^Port Menier^^PQ^Canada
YPR^Prince Rupert/Digby Island^^^Canada
YQB^Quebec^Quebec International^^Canada
YQD^The Pas^^^Canada
YQG^Windsor Ontario^^^Canada
YQM^Moncton^^^Canada
YQR^Regina^^^Canada
YQT^Thunder Bay^^^Canada
YQX^Gander^^^Canada
YRB^Resolute Bay^^^Canada
YSJ^Saint John^^^Canada
YSM^Fort Smith^^^Canada
YSR^Nanisivik^^^Canada
YTH^Thompson^^^Canada
YTO^Toronto^^^Canada
YTZ^Toronto Island^^^Canada
YUD^Umiujaq^^^Canada
YUL^Montreal^Dorval (Montréal-Trudeau)^^Canada
YUM^Yuma^^AZ^USA
YUX^Hall Beach^^^Canada
YVA^Moroni^Iconi^^Comoros (Comores)
YVB^Bonaventure^^PQ^Canada
YVO^Val d'Or^^^Canada
YVP^Kuujjuaq (FortChimo)^^^Canada
YVQ^Norman Wells^^^Canada
YVR^Vancouver^Vancouver International^^Canada
YWG^Winnipeg International^^^Canada
YWK^Wabush^^^Canada
YXD^Edmonton, Municipal^^^Canada
YXE^Saskatoon^^^Canada
YXJ^Fort St. John^^^Canada
YXN^Whale Cove^^NT^Canada
YXS^Prince George^^^Canada
YXT^Terrace^^^Canada
YXU^London^^^Canada
YXY^Whitehorse^^^Canada
YYC^Calgary^Calgary International Airport^^Canada
YYD^Smithers^^^Canada
YYJ^Victoria^^^Canada
YYQ^Churchill^^^Canada
YYR^Goose Bay^^^Canada
YYT^St. John's^^^Canada
YYZ^Toronto^Lester B. Pearson^^Canada
YZF^Yellowknife^^^Canada
YZP^Sandspit^^^Canada
ZAD^Zadar^^^Croatia (Hrvatska)
ZAG^Zagreb^Pleso^^Croatia (Hrvatska)
ZAZ^Zaragoza^^^Spain
ZBO^Bowen^^^Australia
ZCL^Zacatecas^^^Mexico
ZDJ^Berne, Railway Service^^^Switzerland
ZIH^Ixtapa/Zihuatenejo^^^Mexico
ZJK^Hong Kong^Chek Lap Kok^^Hong Kong
ZKE^Kaschechawan^^PQ^Canada
ZLO^Manzanillo^^^Mexico
ZND^Zinder^^^Niger
ZNE^Newman^^^Australia
ZNS^Kempten^^^Germany
ZQN^Queenstown^^^New Zealand
ZRH^Zurich (Zürich)^Kloten^^Switzerland
ZSA^San Salvador^^^Bahamas
ZSS^Sassandra^^^Cote d'Ivoire
ZTH^Zakynthos^^^Greece
ZTM^Shamattawa^^MB^Canada
ZYL^Sylhet^^^Bangladesh
