iata_code^tz
BVD^America/Anchorage
BZF^America/Los_Angeles
CCD^America/Los_Angeles
CGG^Asia/Manila
CMZ^Africa/Maputo
CST^Pacific/Fiji
CUX^America/Chicago
DDI^Australia/Brisbane
DEO^America/Detroit
DLB^Pacific/Port_Moresby
DRX^Europe/Berlin
DUK^Africa/Johannesburg
FCT^America/Los_Angeles
GBQ^Asia/Bahrain
HAP^Australia/Brisbane
HBB^America/Denver
HBZ^Europe/Berlin
HIH^Australia/Brisbane
HLR^America/Chicago
HSB^America/Chicago
IBO^Africa/Maputo
IMG^Africa/Maputo
IPR^Europe/Rome
ISR^Europe/Rome
ITJ^America/Sao_Paulo
IVI^America/Panama
JAS^America/Chicago
JBC^America/New_York
JBP^America/Los_Angeles
JCT^America/Chicago
JCY^America/Chicago
JDK^America/New_York
JDX^America/Chicago
JEV^Europe/Paris
JGE^Asia/Seoul
JGQ^America/Chicago
JHY^America/Los_Angeles
JID^America/Los_Angeles
JMY^Africa/Freetown
JQF^Europe/Moscow
JQO^Europe/Moscow
JSD^America/New_York
JTO^America/Los_Angeles
JWC^America/Los_Angeles
JWH^America/Chicago
KAM^Asia/Aden
KWD^Africa/Bangui
LOF^Pacific/Majuro
MBF^Australia/Sydney
MDV^Africa/Libreville
MGI^America/Chicago
MHB^Pacific/Auckland
MMR^America/Chicago
MOX^America/Chicago
MUV^America/New_York
NBP^America/New_York
NFF^Asia/Shanghai
NSX^America/Tortola
NUJ^Asia/Tehran
OCW^America/New_York
OKS^America/Denver
OZA^America/Chicago
OZI^Europe/Madrid
PBY^Australia/Brisbane
PCC^America/Bogota
PGC^America/New_York
PHJ^Australia/Sydney
PLG^Europe/Paris
PME^Europe/London
PRW^America/Chicago
QBF^America/Denver
QBM^Europe/Paris
QCA^Asia/Riyadh
QCW^America/New_York
QDE^Indian/Antananarivo
QDI^Europe/Vienna
QDK^Asia/Karachi
QDO^Africa/Mogadishu
QDP^Indian/Antananarivo
QDR^Asia/Damascus
QDS^Indian/Antananarivo
QDT^Africa/Algiers
QDY^Asia/Seoul
QDZ^Africa/Algiers
QEB^Asia/Tokyo
QEC^Africa/Tripoli
QED^Africa/Algiers
QEK^Africa/Cairo
QEL^Pacific/Rarotonga
QEM^Africa/Cairo
QEO^Europe/Warsaw
QEQ^Europe/Zurich
QER^Asia/Aden
QET^Asia/Seoul
QEU^Africa/Dar_es_Salaam
QFB^Europe/Berlin
QFC^Europe/Paris
QFM^Africa/Cairo
QFS^Indian/Comoro
QFV^Europe/Oslo
QFW^Asia/Shanghai
QGK^Indian/Mauritius
QGM^Africa/Algiers
QGR^America/Godthab
QGU^Asia/Tokyo
QGX^Africa/Cairo
QGZ^Asia/Tokyo
QHC^Indian/Antananarivo
QHE^Indian/Antananarivo
QHF^Indian/Antananarivo
QHG^Indian/Antananarivo
QHJ^Europe/Copenhagen
QHL^Africa/Mogadishu
QHM^Asia/Damascus
QHT^Indian/Antananarivo
QHW^Asia/Urumqi
QHY^Asia/Tokyo
QIA^Indian/Antananarivo
QIB^Indian/Antananarivo
QII^Europe/Berlin
QIK^Africa/Lagos
QIM^Africa/Algiers
QIN^Europe/Istanbul
QIO^Africa/Algiers
QIP^Europe/Berlin
QIS^Asia/Tokyo
QIW^Asia/Dubai
QIX^Africa/Dar_es_Salaam
QJA^Indian/Antananarivo
QJB^Asia/Riyadh
QJC^Asia/Thimphu
QJG^America/Godthab
QJJ^America/New_York
QJL^Europe/Oslo
QJM^Indian/Antananarivo
QJN^Asia/Beirut
QJO^Indian/Antananarivo
QJP^Asia/Seoul
QJQ^Asia/Beirut
QJR^Europe/Madrid
QJS^Europe/Copenhagen
QJY^Europe/Warsaw
QKA^Africa/Dar_es_Salaam
QKB^America/Denver
QKD^Europe/Warsaw
QKG^Europe/Athens
QKH^Asia/Karachi
QKO^Africa/Tripoli
QKP^Africa/Johannesburg
QKS^America/Denver
QKW^Asia/Tokyo
QLB^Indian/Antananarivo
QLJ^Europe/Zurich
QLL^America/Sao_Paulo
QLO^America/Los_Angeles
QLW^Indian/Antananarivo
QMB^Indian/Antananarivo
QMD^Asia/Amman
QMI^Indian/Antananarivo
QMJ^Asia/Tehran
QMO^Europe/Brussels
QMP^America/New_York
QMS^Asia/Seoul
QMU^Europe/Paris
QMZ^Europe/Berlin
QNG^Asia/Tokyo
QNH^Indian/Antananarivo
QNT^Indian/Antananarivo
QNZ^Asia/Tokyo
QOD^Indian/Antananarivo
QOG^Europe/Berlin
QOH^Europe/Kiev
QOI^Indian/Antananarivo
QOK^Europe/Oslo
QOM^Asia/Tokyo
QOO^Asia/Tokyo
QOX^Europe/Berlin
QOY^Europe/Warsaw
QPC^Europe/Warsaw
QPE^Indian/Antananarivo
QPF^Indian/Antananarivo
QPI^America/Bogota
QPJ^Europe/Budapest
QPL^Europe/Bucharest
QPM^Europe/Warsaw
QPN^Europe/Bucharest
QPR^Europe/Rome
QPU^Indian/Antananarivo
QPV^Australia/Sydney
QQM^Europe/London
QQN^Europe/London
QQT^Europe/London
QRD^Indian/Antananarivo
QSD^Indian/Antananarivo
QSE^America/Sao_Paulo
QSG^Europe/Copenhagen
QSH^Europe/Berlin
QST^Europe/Istanbul
QSU^Africa/Cairo
QSW^Asia/Damascus
QTD^Africa/Dar_es_Salaam
QTE^Africa/Nairobi
QTF^Asia/Riyadh
QTH^Australia/Sydney
QTK^Europe/Berlin
QTO^Australia/Sydney
QTP^Europe/Oslo
QTR^Asia/Damascus
QTS^Asia/Shanghai
QTT^Africa/Cairo
QTX^Europe/Rome
QTY^Asia/Tokyo
QUC^America/Caracas
QUD^Africa/Cairo
QUH^Africa/Cairo
QUJ^Asia/Seoul
QUR^Indian/Antananarivo
QUT^Asia/Tokyo
QUU^Asia/Seoul
QVC^Africa/Dar_es_Salaam
QVD^Europe/Helsinki
QVG^Europe/Paris
QVH^Africa/Maputo
QVM^Europe/Helsinki
QVO^Europe/Oslo
QVR^Indian/Antananarivo
QVT^Europe/Helsinki
QVW^Europe/Helsinki
QVY^Europe/Helsinki
QVZ^Europe/Helsinki
QWF^America/Denver
QWH^America/Denver
QWK^Europe/Warsaw
QWL^Australia/Sydney
QWM^America/Denver
QWR^Europe/Berlin
QWS^Europe/Warsaw
QWU^Europe/Berlin
QWY^America/Los_Angeles
QXI^Europe/Helsinki
QXK^Europe/Paris
QXX^America/Chicago
QXY^America/Chicago
QYA^Asia/Seoul
QYB^Africa/Lagos
QYE^Europe/Amsterdam
QYF^Europe/Berlin
QYH^Europe/Amsterdam
QYJ^Europe/Berlin
QYS^Asia/Tehran
QZC^Australia/Sydney
QZF^Europe/Paris
QZH^Europe/Paris
QZK^Europe/Helsinki
QZM^Australia/Brisbane
QZS^Europe/Oslo
QZT^Africa/Tripoli
REE^America/Chicago
RLR^Indian/Antananarivo
RSE^Australia/Sydney
RSY^Europe/Paris
RWP^Asia/Karachi
SJG^America/Bogota
SPO^Europe/Madrid
SQB^America/Bogota
TFR^Africa/Cairo
TIS^Pacific/Port_Moresby
TRP^America/Juneau
UCE^America/Chicago
UKN^America/Chicago
UPC^Atlantic/Canary
WBN^America/New_York
WCC^America/Los_Angeles
WGZ^Australia/Sydney
WLM^America/New_York
WOB^Europe/London
WPS^Asia/Tehran
XAK^Europe/Copenhagen
XBF^Europe/Paris
XBH^Europe/Paris
XBU^Europe/Paris
XBX^Europe/Paris
XCE^Europe/Paris
XCF^Europe/Paris
XCK^Europe/Paris
XCP^Europe/Paris
XDC^Europe/Paris
XDI^Europe/Paris
XEB^Europe/Paris
XEK^America/Regina
XEM^America/Moncton
XEP^Europe/Paris
XEU^Asia/Dubai
XEV^Europe/Stockholm
XFD^America/Toronto
XFH^Europe/Stockholm
XFT^Asia/Hong_Kong
XFX^Europe/Paris
XGC^Europe/Stockholm
XGF^Europe/Paris
XGH^Europe/Oslo
XGI^Europe/Oslo
XGK^America/Toronto
XGO^America/Sao_Paulo
XGP^Europe/Oslo
XGS^Europe/Oslo
XGT^Europe/Paris
XGV^Europe/Paris
XHC^Europe/Helsinki
XHF^Europe/Oslo
XHH^America/Denver
XHL^Europe/Oslo
XHR^America/Sao_Paulo
XHS^America/Vancouver
XHT^Europe/Oslo
XHX^Australia/Adelaide
XHZ^Europe/London
XIH^Asia/Baghdad
XIP^America/Toronto
XIR^Europe/Berlin
XIS^America/Sao_Paulo
XIU^Europe/Berlin
XIX^Europe/Rome
XJB^Europe/Madrid
XJC^Europe/Prague
XJE^Europe/Copenhagen
XJG^Australia/Darwin
XJP^Europe/Prague
XJS^Europe/Vienna
XKC^Europe/Oslo
XKI^Europe/Oslo
XKJ^Europe/Oslo
XKU^Europe/Istanbul
XKW^Europe/Oslo
XLH^Europe/Paris
XLI^Europe/Paris
XLP^America/Moncton
XLY^America/Toronto
XNC^Europe/Rome
XNK^Europe/London
XNM^Europe/London
XNS^Asia/Seoul
XNY^America/New_York
XNZ^Pacific/Auckland
XOA^Europe/Copenhagen
XOD^Europe/Oslo
XOH^Europe/Vienna
XOL^Europe/Oslo
XOM^Australia/Melbourne
XON^America/Moncton
XOO^Europe/Vienna
XOT^America/Guadeloupe
XOV^Europe/Vienna
XOX^Asia/Seoul
XOZ^Asia/Qatar
XPM^Europe/Paris
XPO^Australia/Perth
XPQ^Asia/Kuala_Lumpur
XPV^Europe/Paris
XPY^Europe/Helsinki
XPZ^Europe/Paris
XQG^Europe/London
XQN^Australia/Brisbane
XQO^Asia/Tehran
XQY^Europe/Paris
XRA^Europe/Copenhagen
XRB^America/Sao_Paulo
XRK^Europe/Moscow
XRM^Europe/Paris
XSZ^America/Chicago
XTA^Asia/Shanghai
XTF^Asia/Shanghai
XTH^Europe/Paris
XTV^Asia/Baghdad
XTX^Asia/Shanghai
XUB^Europe/Oslo
XUE^Europe/Oslo
XUN^America/Boise
XUO^Europe/Oslo
XUU^Europe/Oslo
XUV^Europe/Oslo
XUW^Europe/Oslo
XVD^Europe/Paris
XVK^Europe/Oslo
XVP^Europe/Paris
XVT^Europe/Paris
XVU^Europe/London
XVX^Europe/Copenhagen
XWL^Europe/Stockholm
XWN^Europe/London
XWQ^Europe/Stockholm
XWT^Europe/Vienna
XWV^Europe/Stockholm
XWX^Europe/Stockholm
XWZ^Europe/Stockholm
XXA^Europe/Stockholm
XXC^Europe/Oslo
XXD^Europe/Stockholm
XXF^Pacific/Auckland
XXH^Pacific/Auckland
XXI^Europe/Stockholm
XXJ^Europe/Budapest
XXK^Europe/Stockholm
XXM^Europe/Stockholm
XXP^Europe/Berlin
XXQ^Europe/Budapest
XXR^Europe/Oslo
XXS^Pacific/Auckland
XXV^Europe/Stockholm
XYO^Europe/Stockholm
XYS^Australia/Sydney
XYU^Europe/Stockholm
XZC^America/Toronto
XZE^Europe/Berlin
XZK^America/Toronto
XZO^Europe/Oslo
XZQ^Europe/Stockholm
XZR^America/Toronto
XZT^Europe/Oslo
XZX^Australia/Sydney
YAD^America/Chicago
YJR^Europe/Madrid
ZAF^Europe/Paris
ZAU^Europe/Berlin
ZAW^Europe/Copenhagen
ZAX^Asia/Shanghai
ZBB^Europe/Copenhagen
ZBC^Europe/London
ZBH^Europe/Paris
ZBN^Europe/Rome
ZBQ^Europe/Copenhagen
ZBV^America/Denver
ZBZ^Asia/Shanghai
ZCF^Europe/Berlin
ZCK^Europe/Berlin
ZCY^Europe/Berlin
ZDO^Europe/Zurich
ZDQ^Europe/Zurich
ZDR^Europe/Zurich
ZDU^Europe/London
ZDW^Europe/Zurich
ZEO^Asia/Karachi
ZFH^Europe/London
ZFK^Europe/Copenhagen
ZFY^Europe/Warsaw
ZFZ^America/New_York
ZGE^Europe/Berlin
ZGO^Europe/Berlin
ZGY^Asia/Kuching
ZHB^Europe/Zurich
ZHC^America/New_York
ZHD^Europe/Zurich
ZHH^Europe/Zurich
ZHS^Europe/Zurich
ZHT^Europe/Zurich
ZHX^Indian/Antananarivo
ZHZ^Europe/Berlin
ZIB^Europe/Copenhagen
ZID^Europe/Copenhagen
ZIE^Europe/Rome
ZIF^America/Toronto
ZII^Australia/Adelaide
ZIJ^Europe/Copenhagen
ZIK^Europe/Prague
ZIL^Europe/Copenhagen
ZIM^Europe/Copenhagen
ZIP^Europe/Rome
ZIQ^Europe/Rome
ZIU^Asia/Shanghai
ZIV^Europe/London
ZIW^Europe/Berlin
ZJB^Asia/Kuala_Lumpur
ZJD^Europe/Zurich
ZJE^Europe/Rome
ZJF^Asia/Dubai
ZJH^Europe/Copenhagen
ZJK^Asia/Hong_Kong
ZJM^Europe/Zurich
ZJO^America/Los_Angeles
ZJR^Asia/Kuala_Lumpur
ZJW^Europe/Zurich
ZJX^Europe/Rome
ZKD^Europe/Moscow
ZKF^Europe/Zurich
ZKN^Europe/Copenhagen
ZKO^Europe/Zurich
ZKR^Europe/Athens
ZKT^Europe/Athens
ZKV^Europe/Zurich
ZKW^Europe/Zurich
ZLC^Europe/Zurich
ZLG^Europe/Budapest
ZLH^Europe/Zurich
ZLK^Europe/Moscow
ZLQ^Europe/Zurich
ZLU^Europe/Berlin
ZLV^Europe/Helsinki
ZMC^Europe/Warsaw
ZMF^Europe/Rome
ZMG^Europe/Berlin
ZMI^Europe/Rome
ZMJ^Europe/Rome
ZMK^Asia/Kuching
ZML^America/Vancouver
ZMN^America/Sao_Paulo
ZMP^Europe/London
ZMR^Europe/Rome
ZMV^America/New_York
ZMY^Asia/Shanghai
ZNB^Europe/Berlin
ZNF^Europe/Berlin
ZNJ^Europe/Berlin
ZNL^Europe/Berlin
ZNM^Europe/Berlin
ZNQ^Europe/Berlin
ZNT^Europe/Berlin
ZNY^Europe/Berlin
ZOC^Europe/Berlin
ZOD^Europe/Berlin
ZOG^Europe/Berlin
ZOH^Europe/Berlin
ZOI^Europe/Berlin
ZOJ^Europe/Berlin
ZOL^Europe/Berlin
ZOM^Europe/Berlin
ZOP^Europe/Berlin
ZOQ^Europe/Berlin
ZOR^Europe/Berlin
ZOW^Europe/Berlin
ZOZ^Europe/Berlin
ZPD^Europe/Berlin
ZPL^Europe/Berlin
ZPS^Europe/Berlin
ZPV^Europe/Berlin
ZQA^Europe/Berlin
ZQB^America/Anchorage
ZQD^Europe/Berlin
ZQE^Europe/Berlin
ZQH^Europe/Berlin
ZQM^Europe/Berlin
ZQO^Europe/Berlin
ZQP^Europe/Berlin
ZQT^Europe/Berlin
ZQX^Asia/Jakarta
ZQY^Europe/Berlin
ZRC^Europe/Madrid
ZRG^Europe/Bratislava
ZRL^America/New_York
ZRQ^Europe/Zurich
ZRS^Europe/Vienna
ZRU^America/New_York
ZRV^America/New_York
ZSC^Europe/Berlin
ZSG^Europe/Berlin
ZSI^Europe/Berlin
ZSL^Europe/Dublin
ZSM^America/Los_Angeles
ZSR^Europe/Berlin
ZSU^Europe/Berlin
ZSZ^Africa/Windhoek
ZTC^Europe/Rome
ZTD^America/New_York
ZTE^America/New_York
ZTG^Europe/Copenhagen
ZTL^America/Denver
ZTN^America/New_York
ZTO^America/New_York
ZTQ^Europe/Zurich
ZTT^Europe/Berlin
ZTV^America/Chicago
ZTY^America/New_York
ZTZ^Europe/Berlin
ZUB^Asia/Tbilisi
ZUG^America/New_York
ZUK^America/Chicago
ZUO^Europe/Amsterdam
ZUP^Europe/Amsterdam
ZUQ^Europe/Amsterdam
ZUR^Europe/Amsterdam
ZUS^Europe/Amsterdam
ZUT^Europe/Amsterdam
ZUU^Europe/Amsterdam
ZUV^Europe/Amsterdam
ZUW^Europe/Amsterdam
ZUX^Europe/Amsterdam
ZUY^Europe/Amsterdam
ZUZ^Europe/Amsterdam
ZVI^Asia/Tehran
ZVL^Europe/Amsterdam
ZVM^Europe/Berlin
ZVN^Europe/Amsterdam
ZVO^Europe/Amsterdam
ZVP^Europe/Amsterdam
ZVQ^Europe/Amsterdam
ZVS^Europe/Amsterdam
ZVT^Europe/Amsterdam
ZVU^Europe/Amsterdam
ZVV^Europe/Amsterdam
ZVW^Europe/Amsterdam
ZVX^Europe/Amsterdam
ZVY^Europe/Amsterdam
ZVZ^Europe/Amsterdam
ZWC^Europe/Oslo
ZWD^Europe/Berlin
ZWG^Europe/Berlin
ZWJ^Europe/Oslo
ZWM^Europe/Berlin
ZWN^Europe/Berlin
ZWO^Europe/Amsterdam
ZWQ^Europe/Amsterdam
ZWR^Asia/Kuching
ZWT^Europe/Berlin
ZWU^America/New_York
ZWX^Europe/Amsterdam
ZWZ^Europe/Amsterdam
ZXA^Europe/London
ZXH^Europe/Oslo
ZXI^Europe/Oslo
ZXK^Europe/Oslo
ZXO^Europe/Oslo
ZXP^Europe/London
ZXS^America/New_York
ZXU^Europe/Oslo
ZXX^Europe/Oslo
ZXZ^Asia/Dubai
ZYB^Europe/Brussels
ZYC^Europe/Warsaw
ZYD^Europe/Madrid
ZYE^Europe/Amsterdam
ZYF^Europe/Madrid
ZYG^Europe/Oslo
ZYJ^Europe/Madrid
ZYP^America/New_York
ZYQ^America/New_York
ZYU^Europe/Amsterdam
ZYV^Europe/Oslo
ZYW^Europe/Oslo
ZYY^Europe/Oslo
ZZG^Europe/Berlin
ZZI^Australia/Melbourne
ZZJ^Australia/Melbourne
