ctry_code^geo_id^adm1_code^name_en^iso31662^abbr
AR^3430657^14^Misiones^N^MN
AR^3433896^09^Formosa^P^FO
AR^3433955^07^Buenos Aires F.D.^C^CF
AR^3434137^08^Entre Ríos^E^ER
AR^3435214^06^Corrientes^W^CR
AR^3435907^01^Buenos Aires^B^BA
AR^3833578^24^Tucumán^T^TM
AR^3834450^23^Tierra del Fuego^V^TF
AR^3835868^22^Santiago del Estero^G^SE
AR^3836276^21^Santa Fe^S^SF
AR^3836350^20^Santa Cruz^Z^SC
AR^3837029^19^San Luis^D^SL
AR^3837152^18^San Juan^J^SJ
AR^3838231^17^Salta^A^SA
AR^3838830^16^Rio Negro^R^RN
AR^3843122^15^Neuquén^Q^NQ
AR^3844419^13^Mendoza^M^MZ
AR^3848949^12^La Rioja^F^LR
AR^3849574^11^La Pampa^L^LP
AR^3853404^10^Jujuy^Y^JY
AR^3860255^05^Córdoba^X^CD
AR^3861244^04^Chubut^U^CH
AR^3861887^03^Chaco^H^CC
AR^3862286^02^Catamarca^K^CT
AU^2058645^08^Western Australia^WA^WA
AU^2061327^05^South Australia^SA^SA
AU^2064513^03^Northern Territory^NT^NT
AU^2145234^07^Victoria^VIC^VIC
AU^2147291^06^Tasmania^TAS^TAS
AU^2152274^04^Queensland^QLD^QLD
AU^2155400^02^New South Wales^NSW^NSW
AU^2177478^01^ACT^ACT^ACT
BR^3390290^22^Rio Grande do Norte^RN^RN
BR^3392213^20^Piauí^PI^PI
BR^3392268^30^Pernambuco^PE^PE
BR^3393098^17^Paraíba^PB^PB
BR^3393129^16^Pará^PA^PA
BR^3395443^13^Maranhão^MA^MA
BR^3402362^06^Ceará^CE^CE
BR^3407762^03^Amapá^AP^AP
BR^3408096^02^Alagoas^AL^AL
BR^3447799^28^Sergipe^SE^SE
BR^3448433^27^São Paulo^SP^SP
BR^3450387^26^Santa Catarina^SC^SC
BR^3451133^23^Rio Grande do Sul^RS^RS
BR^3451189^21^Rio de Janeiro^RJ^RJ
BR^3455077^18^Paraná^PR^PR
BR^3457153^15^Minas Gerais^MG^MG
BR^3457415^11^Mato Grosso do Sul^MS^MS
BR^3457419^14^Mato Grosso^MT^MT
BR^3462372^29^Goiás^GO^GO
BR^3463504^07^Federal District^DF^DF
BR^3463930^08^Espírito Santo^ES^ES
BR^3471168^05^Bahia^BA^BA
BR^3474575^31^Tocantins^TO^TO
BR^3662560^25^Roraima^RR^RR
BR^3665361^04^Amazonas^AM^AM
BR^3665474^01^Acre^AC^AC
BR^3924825^24^Rondônia^RO^RO
CA^5883102^01^Alberta^AB^AB
CA^5909050^02^British Columbia^BC^BC
CA^6065171^03^Manitoba^MB^MB
CA^6087430^04^New Brunswick^NB^NB
CA^6091069^13^Northwest Territories^NT^NT
CA^6091530^07^Nova Scotia^NS^NS
CA^6091732^14^Nunavut^NU^NU
CA^6093943^08^Ontario^ON^ON
CA^6113358^09^Prince Edward Island^PE^PE
CA^6115047^10^Quebec^QC^QC
CA^6141242^11^Saskatchewan^SK^SK
CA^6185811^12^Yukon^YT^YT
CA^6354959^05^Newfoundland and Labrador^NL^NL
CL^3868621^01^Valparaíso^VS^VS
CL^3870116^15^Tarapacá^TA^TA
CL^3873544^12^Santiago Metropolitan^RM^RM
CL^3880306^11^Maule^ML^ML
CL^3881974^14^Los Lagos^LL^LL
CL^3883281^08^O'Higgins^LI^LI
CL^3893623^07^Coquimbo^CO^CO
CL^3898380^06^Biobío^BI^BI
CL^3899191^05^Atacama^AT^AT
CL^3899463^04^La Araucanía^AR^AR
CL^3899537^03^Antofagasta^AN^AN
CL^3900333^02^Aisén^AI^AI
CL^4036650^10^Magallanes^MA^MA
CL^6693562^16^Arica y Parinacota^AP^AP
CL^6693563^17^Los Ríos^LR^LR
CN^1279685^14^Tibet^XZ^XZ
CN^1280239^06^Qinghai^QH^QH
CN^1529047^13^Xinjiang^XJ^XJ
CN^1784764^02^Zhejiang^ZJ^ZJ
CN^1785694^29^Yunnan^YN^YN
CN^1792943^28^Tianjin^TJ^TJ
CN^1794299^32^Sichuan^SC^SC
CN^1795912^24^Shanxi^SX^SX
CN^1796231^23^Shanghai^SH^SH
CN^1796328^25^Shandong^SD^SD
CN^1796480^26^Shaanxi^SN^SN
CN^1799355^21^Ningxia Hui Autonomous Region^NX^NX
CN^1806222^03^Jiangxi^JX^JX
CN^1806260^04^Jiangsu^JS^JS
CN^1806691^11^Hunan^HN^HN
CN^1806949^12^Hubei^HB^HB
CN^1808520^09^Henan^HA^HA
CN^1808773^10^Hebei^HE^HE
CN^1809054^31^Hainan^HI^HI
CN^1809445^18^Guizhou^GZ^GZ
CN^1809867^16^Guangxi^GX^GX
CN^1809935^30^Guangdong^GD^GD
CN^1810676^15^Gansu^GS^GS
CN^1811017^07^Fujian^FJ^FJ
CN^1814905^33^Chongqing^CQ^CQ
CN^1818058^01^Anhui^AH^AH
CN^2035607^20^Inner Mongolia^NM^NM
CN^2036115^19^Liaoning^LN^LN
CN^2036500^05^Jilin^JL^JL
CN^2036965^08^Heilongjiang^HL^HL
CN^2038349^22^Beijing^BJ^BJ
DE^2822542^TH^Thuringia^TH^TH
DE^2838632^10^Schleswig-Holstein^SH^SH
DE^2842565^14^Saxony-Anhalt^ST^ST
DE^2842566^13^Saxony^SN^SN
DE^2842635^09^Saarland^SL^SL
DE^2847618^08^Rheinland-Pfalz^RP^RP
DE^2861876^07^North Rhine-Westphalia^NW^NW
DE^2862926^06^Lower Saxony^NI^NI
DE^2872567^12^Mecklenburg-Vorpommern^MV^MV
DE^2905330^05^Hesse^HE^HE
DE^2911297^04^Hamburg^HH^HH
DE^2944387^03^Bremen^HB^HB
DE^2945356^11^Brandenburg^BB^BB
DE^2950157^16^Berlin^BE^BE
DE^2951839^02^Bavaria^BY^BY
DE^2953481^01^Baden-Württemberg^BW^BW
ES^2513413^31^Murcia^MC^MC
ES^2519582^CE^Ceuta^CE^CE
ES^2521383^07^Balearic Islands^IB^IB
ES^2593109^51^Andalusia^AN^AN
ES^2593110^53^Canary Islands^CN^CN
ES^2593111^54^Castille-La Mancha^CM^CM
ES^2593112^57^Extremadura^EX^EX
ES^2593113^60^Valencia^VC^VC
ES^3114710^34^Asturias^AS^AS
ES^3115609^32^Navarre^NC^NC
ES^3117732^29^Madrid^MD^MD
ES^3336897^27^La Rioja^RI^RI
ES^3336898^39^Cantabria^CB^CB
ES^3336899^52^Aragon^AR^AR
ES^3336900^55^Castille and León^CL^CL
ES^3336901^56^Catalonia^CT^CT
ES^3336902^58^Galicia^GA^GA
ES^3336903^59^Basque Country^PV^PV
ES^6362988^ML^Melilla^ML^ML
FR^11071619^27^Bourgogne-Franche-Comté^BFC^BFC
FR^11071620^75^Nouvelle-Aquitaine^NAQ^NAQ
FR^11071621^28^Normandy^NOR^NOR
FR^11071622^44^Grand Est^GES^GES
FR^11071623^76^Occitanie^OCC^OCC
FR^11071624^32^Hauts-de-France^HDF^HDF
FR^11071625^84^Auvergne-Rhône-Alpes^ARA^ARA
FR^2985244^93^Provence-Alpes-Côte d'Azur^PAC^PAC
FR^2988289^52^Pays de la Loire^PDL^PDL
FR^3012874^11^Île-de-France^IDF^IDF
FR^3023519^94^Corsica^COR^COR
FR^3027939^24^Centre^CVL^CVL
FR^3030293^53^Brittany^BRE^BRE
GB^2634895^WLS^Wales^WLS^WLS
GB^2638360^SCT^Scotland^SCT^SCT
GB^2641364^NIR^Northern Ireland^NIR^NIR
GB^6269131^ENG^England^ENG^ENG
ID^1213642^26^North Sumatra^SU^SU
ID^1215638^01^Aceh^AC^AC
ID^1621176^10^Yogyakarta^YO^YO
ID^1626196^32^South Sumatra^SS^SS
ID^1626197^24^West Sumatra^SB^SB
ID^1626229^31^North Sulawesi^SA^SA
ID^1626230^22^Southeast Sulawesi^SG^SG
ID^1626231^21^Central Sulawesi^ST^ST
ID^1626232^38^South Sulawesi^SN^SN
ID^1629652^37^Riau^RI^RI
ID^1633791^18^East Nusa Tenggara^NT^NT
ID^1633792^17^West Nusa Tenggara^NB^NB
ID^1636627^28^Maluku^MA^MA
ID^1638535^15^Lampung^LA^LA
ID^1641897^14^East Kalimantan^KI^KI
ID^1641898^13^Central Kalimantan^KT^KT
ID^1641899^12^South Kalimantan^KS^KS
ID^1641900^11^West Kalimantan^KB^KB
ID^1642668^08^East Java^JI^JI
ID^1642669^07^Central Java^JT^JT
ID^1642672^30^West Java^JB^JB
ID^1642856^05^Jambi^JA^JA
ID^1642907^04^Jakarta^JK^JK
ID^1643012^36^Papua^PA^PA
ID^1649147^03^Bengkulu^BE^BE
ID^1650535^02^Bali^BA^BA
ID^1923045^33^Banten^BT^BT
ID^1923046^34^Gorontalo^GO^GO
ID^1923047^35^Bangka–Belitung Islands^BB^BB
ID^1958070^29^North Maluku^MU^MU
ID^1996549^39^West Papua^PB^PB
ID^1996550^41^West Sulawesi^SR^SR
ID^1996551^40^Riau Islands^KR^KR
ID^8604684^42^North Kalimantan^KU^KU
IN^1252881^28^West Bengal^WB^WB
IN^1253626^36^Uttar Pradesh^UP^UP
IN^1254169^26^Tripura^TR^TR
IN^1254788^40^Telangana^TG^TG
IN^1255053^25^Tamil Nadu^TN^TN
IN^1256312^29^Sikkim^SK^SK
IN^1258899^24^Rajasthan^RJ^RJ
IN^1259223^23^Punjab^PB^PB
IN^1259424^22^Puducherry^PY^PY
IN^1261029^21^Odisha^OR^OR
IN^1262271^20^Nagaland^NL^NL
IN^1262963^31^Mizoram^MZ^MZ
IN^1263207^18^Meghalaya^ML^ML
IN^1263706^17^Manipur^MN^MN
IN^1264418^16^Maharashtra^MH^MH
IN^1264542^35^Madhya Pradesh^MP^MP
IN^1265206^14^Lakshadweep^LD^LD
IN^1267254^13^Kerala^KL^KL
IN^1267701^19^Karnataka^KA^KA
IN^1269320^12^Kashmir^JK^JK
IN^1270101^11^Himachal Pradesh^HP^HP
IN^1270260^10^Haryana^HR^HR
IN^1270770^09^Gujarat^GJ^GJ
IN^1271155^32^Daman and Diu^DD^DD
IN^1271157^33^Goa^GA^GA
IN^1273293^07^NCT^DL^DL
IN^1273726^06^Dadra and Nagar Haveli^DN^DN
IN^1274744^05^Chandigarh^CH^CH
IN^1275715^34^Bihar^BR^BR
IN^1278253^03^Assam^AS^AS
IN^1278341^30^Arunachal Pradesh^AR^AR
IN^1278629^02^Andhra Pradesh^AP^AP
IN^1278647^01^Andaman and Nicobar^AN^AN
IN^1444364^37^Chhattisgarh^CT^CT
IN^1444365^38^Jharkhand^JH^JH
IN^1444366^39^Uttarakhand^UT^UT
MX^3514211^31^Yucatán^YUC^YUC
MX^3514780^30^Veracruz^VER^VER
MX^3515359^29^Tlaxcala^TLA^TLA
MX^3516391^28^Tamaulipas^TAM^TAM
MX^3516458^27^Tabasco^TAB^TAB
MX^3520887^23^Quintana Roo^ROO^ROO
MX^3520914^22^Querétaro^QUE^QUE
MX^3521082^21^Puebla^PUE^PUE
MX^3522509^20^Oaxaca^OAX^OAX
MX^3522542^19^Nuevo León^NLE^NLE
MX^3522961^17^Morelos^MOR^MOR
MX^3523272^15^México^MEX^MEX
MX^3527115^13^Hidalgo^HID^HID
MX^3527213^12^Guerrero^GRO^GRO
MX^3527646^09^Mexico City^CMX^CMX
MX^3531011^05^Chiapas^CHP^CHP
MX^3531730^04^Campeche^CAM^CAM
MX^3979840^32^Zacatecas^ZAC^ZAC
MX^3982846^26^Sonora^SON^SON
MX^3983035^25^Sinaloa^SIN^SIN
MX^3985605^24^San Luis Potosí^SLP^SLP
MX^3995012^18^Nayarit^NAY^NAY
MX^3995955^16^Michoacán^MIC^MIC
MX^4004156^14^Jalisco^JAL^JAL
MX^4005267^11^Guanajuato^GUA^GUA
MX^4011741^10^Durango^DUR^DUR
MX^4013513^08^Colima^COL^COL
MX^4013674^07^Coahuila^COA^COA
MX^4014336^06^Chihuahua^CHH^CHH
MX^4017698^03^Baja California Sur^BCS^BCS
MX^4017700^02^Baja California^BCN^BCN
MX^4019231^01^Aguascalientes^AGU^AGU
PK^1162015^08^Islamabad^IS^IS
PK^1164807^05^Sindh^SD^SD
PK^1167710^04^Punjab^PB^PB
PK^1168873^03^Khyber Pakhtunkhwa^KP^KP
PK^1168878^07^Gilgit-Baltistan^GB^GB
PK^1179245^01^FATA^TA^TA
PK^1183606^02^Balochistan^BA^BA
PK^1184196^06^Azad Kashmir^JK^JK
RU^1486462^87^Yamalo-Nenets^YAN^YAN
RU^1488747^78^Tyumenskaya^TYU^TYU
RU^1488873^79^Republic of Tyva^TY^TY
RU^1489421^75^Tomsk^TOM^TOM
RU^1490542^71^Sverdlovsk^SVE^SVE
RU^1496152^54^Omsk^OMS^OMS
RU^1496745^53^Novosibirsk^NVS^NVS
RU^1501312^40^Kurgan^KGN^KGN
RU^1502020^91^Krasnoyarskiy^KYA^KYA
RU^1503773^32^Khanty-Mansia^KHM^KHM
RU^1503834^31^Khakasiya^KK^KK
RU^1503900^29^Kemerovo^KEM^KEM
RU^1506272^03^Altai^AL^AL
RU^1508290^13^Chelyabinsk^CHE^CHE
RU^1511732^04^Altai Krai^ALT^ALT
RU^2013162^63^Chukot^CHU^CHU
RU^2017623^59^Primorskiy^PRI^PRI
RU^2022888^30^Khabarovsk^KHA^KHA
RU^2023468^20^Irkutsk^IRK^IRK
RU^2026639^89^Jewish Autonomous Oblast^YEV^YEV
RU^2027748^05^Amur^AMU^AMU
RU^2050915^11^Respublika Buryatiya^BU^BU
RU^2121529^64^Sakhalin^SAK^SAK
RU^2123627^44^Magadan^MAG^MAG
RU^2125072^92^Kamtsjatka^KAM^KAM
RU^2126099^15^Chukotka^CHU^CHU
RU^468898^88^Jaroslavl^YAR^YAR
RU^472039^86^Voronezj^VOR^VOR
RU^472454^85^Vologda^VLG^VLG
RU^472755^84^Volgograd^VGG^VGG
RU^479119^81^Ulyanovsk^ULY^ULY
RU^479613^80^Udmurtiya^UD^UD
RU^480041^77^Tverskaya^TVE^TVE
RU^480508^76^Tula^TUL^TUL
RU^484048^73^Tatarstan^TA^TA
RU^484638^72^Tambov^TAM^TAM
RU^487839^70^Stavropol^STA^STA
RU^491684^69^Smolensk^SMO^SMO
RU^498671^67^Saratov^SAR^SAR
RU^499068^65^Samara^SAM^SAM
RU^500059^62^Rjazan^RYA^RYA
RU^501165^61^Rostov^ROS^ROS
RU^504338^60^Pskov^PSK^PSK
RU^511180^90^Perm^PER^PER
RU^511555^57^Penza^PNZ^PNZ
RU^514801^56^Orjol^ORL^ORL
RU^515001^55^Orenburg^ORE^ORE
RU^519324^52^Novgorod^NGR^NGR
RU^519969^68^North Ossetia^SE^SE
RU^522652^50^Nenets^NEN^NEN
RU^524304^49^Murmansk^MUR^MUR
RU^524894^48^Moscow^MOW^MOW
RU^524925^47^Moscow Oblast^MOS^MOS
RU^525369^46^Mordoviya^MO^MO
RU^529352^45^Mariy-El^ME^ME
RU^535120^43^Lipetsk^LIP^LIP
RU^536199^42^Leningrad^LEN^LEN
RU^536203^66^Saint Petersburg^SPE^SPE
RU^538555^41^Kursk^KRS^KRS
RU^542415^38^Krasnodarskiy^KDA^KDA
RU^543871^37^Kostroma^KOS^KOS
RU^545854^34^Komi^KO^KO
RU^548389^33^Kirov^KIR^KIR
RU^552548^28^Karelia^KR^KR
RU^552927^27^Karachayevo-Cherkesiya^KC^KC
RU^553899^25^Kaluga^KLU^KLU
RU^553972^24^Kalmykiya^KL^KL
RU^554230^23^Kaliningrad^KGD^KGD
RU^554667^22^Kabardino-Balkariya^KB^KB
RU^555235^21^Ivanovo^IVA^IVA
RU^556349^19^Ingushetiya^IN^IN
RU^559838^51^Nizjnij Novgorod^NIZ^NIZ
RU^567293^17^Dagestan^DA^DA
RU^567395^16^Chuvashia^CU^CU
RU^569665^12^Chechnya^CE^CE
RU^571473^10^Brjansk^BRY^BRY
RU^578071^09^Belgorod^BEL^BEL
RU^578853^08^Bashkortostan^BA^BA
RU^580491^07^Astrakhan^AST^AST
RU^581043^06^Arkhangelskaya^ARK^ARK
RU^584222^01^Adygeya^AD^AD
RU^7779061^93^Transbaikal Territory^ZAB^ZAB
RU^826294^83^Vladimir^VLA^VLA
US^4099753^AR^Arkansas^AR^AR
US^4138106^DC^Washington, D.C.^DC^DC
US^4142224^DE^Delaware^DE^DE
US^4155751^FL^Florida^FL^FL
US^4197000^GA^Georgia^GA^GA
US^4273857^KS^Kansas^KS^KS
US^4331987^LA^Louisiana^LA^LA
US^4361885^MD^Maryland^MD^MD
US^4398678^MO^Missouri^MO^MO
US^4436296^MS^Mississippi^MS^MS
US^4482348^NC^North Carolina^NC^NC
US^4544379^OK^Oklahoma^OK^OK
US^4597040^SC^South Carolina^SC^SC
US^4662168^TN^Tennessee^TN^TN
US^4736286^TX^Texas^TX^TX
US^4826850^WV^West Virginia^WV^WV
US^4829764^AL^Alabama^AL^AL
US^4831725^CT^Connecticut^CT^CT
US^4862182^IA^Iowa^IA^IA
US^4896861^IL^Illinois^IL^IL
US^4921868^IN^Indiana^IN^IN
US^4971068^ME^Maine^ME^ME
US^5001836^MI^Michigan^MI^MI
US^5037779^MN^Minnesota^MN^MN
US^5073708^NE^Nebraska^NE^NE
US^5090174^NH^New Hampshire^NH^NH
US^5101760^NJ^New Jersey^NJ^NJ
US^5128638^NY^New York^NY^NY
US^5165418^OH^Ohio^OH^OH
US^5224323^RI^Rhode Island^RI^RI
US^5242283^VT^Vermont^VT^VT
US^5279468^WI^Wisconsin^WI^WI
US^5332921^CA^California^CA^CA
US^5417618^CO^Colorado^CO^CO
US^5481136^NM^New Mexico^NM^NM
US^5509151^NV^Nevada^NV^NV
US^5549030^UT^Utah^UT^UT
US^5551752^AZ^Arizona^AZ^AZ
US^5596512^ID^Idaho^ID^ID
US^5667009^MT^Montana^MT^MT
US^5690763^ND^North Dakota^ND^ND
US^5744337^OR^Oregon^OR^OR
US^5769223^SD^South Dakota^SD^SD
US^5815135^WA^Washington^WA^WA
US^5843591^WY^Wyoming^WY^WY
US^5855797^HI^Hawaii^HI^HI
US^5879092^AK^Alaska^AK^AK
US^6254925^KY^Kentucky^KY^KY
US^6254926^MA^Massachusetts^MA^MA
US^6254927^PA^Pennsylvania^PA^PA
US^6254928^VA^Virginia^VA^VA
VN^1559969^58^Nghệ An^22^22
VN^1559970^59^Ninh Bình^18^18
VN^1559971^60^Ninh Thuận^36^36
VN^1559972^65^Sóc Trăng^52^52
VN^1559975^67^Trà Vinh^51^51
VN^1559976^68^Tuyên Quang^07^07
VN^1559977^69^Vĩnh Long^49^49
VN^1559978^70^Yên Bái^06^06
VN^1562412^90^Lào Cai^02^02
VN^1564676^37^Tiền Giang^46^46
VN^1565033^66^Thừa Thiên-Huế^26^26
VN^1565088^55^Kon Tum^28^28
VN^1566165^34^Thanh Hóa^21^21
VN^1566338^35^Thái Bình^20^20
VN^1566557^33^Tây Ninh^37^37
VN^1567643^32^Sơn La^05^05
VN^1568733^64^Quảng Trị^25^25
VN^1568758^30^Quảng Ninh^13^13
VN^1568769^63^Quảng Ngãi^29^29
VN^1568839^62^Quảng Bình^24^24
VN^1569805^61^Phú Yên^32^32
VN^1572594^53^Hòa Bình^14^14
VN^1575788^24^Long An^41^41
VN^1576632^39^Lạng Sơn^09^09
VN^1577882^23^Lâm Đồng^35^35
VN^1577954^89^Lai Châu^01^01
VN^1579008^21^Kiến Giang^47^47
VN^1579634^54^Khánh Hòa^34^34
VN^1580578^20^Ho Chi Minh^SG^SG
VN^1580700^52^Hà Tĩnh^23^23
VN^1581030^50^Hà Giang^03^03
VN^1581088^49^Gia Lai^30^30
VN^1581129^44^Hanoi^HN^HN
VN^1581188^87^Cần Thơ^CT^CT
VN^1581297^13^Haiphong^HP^HP
VN^1581882^47^Bình Thuận^40^40
VN^1582562^09^Đồng Tháp^45^45
VN^1582720^43^Đồng Nai^39^39
VN^1584169^88^Đắk Lắk^33^33
VN^1584534^45^Bà Rịa-Vũng Tàu^43^43
VN^1586182^05^Cao Bằng^04^04
VN^1587871^46^Bình Định^31^31
VN^1587974^03^Bến Tre^50^50
VN^1594446^01^An Giang^44^44
VN^1904987^91^Ðắk Nông^72^72
VN^1905099^92^Ðiện Biên^71^71
VN^1905412^74^Bắc Ninh^56^56
VN^1905419^71^Bắc Giang^54^54
VN^1905468^78^Da Nang^DN^DN
VN^1905475^75^Bình Dương^57^57
VN^1905480^76^Bình Phước^58^58
VN^1905497^85^Thái Nguyên^69^69
VN^1905516^84^Quảng Nam^27^27
VN^1905577^83^Phú Thọ^68^68
VN^1905626^82^Nam Định^67^67
VN^1905637^80^Hà Nam^63^63
VN^1905669^72^Bắc Kạn^53^53
VN^1905675^73^Bạc Liêu^55^55
VN^1905678^77^Cà Mau^59^59
VN^1905686^79^Hải Dương^61^61
VN^1905699^81^Hưng Yên^66^66
VN^1905856^86^Vĩnh Phúc^70^70
VN^7506719^93^Hậu Giang^73^73
