iata_code^icao_code^faa_code^is_geonames^geoname_id^envelope_id^name^asciiname^latitude^longitude^fclass^fcode^page_rank^date_from^date_until^comment^country_code^cc2^country_name^continent_name^adm1_code^adm1_name_utf^adm1_name_ascii^adm2_code^adm2_name_utf^adm2_name_ascii^adm3_code^adm4_code^population^elevation^gtopo30^timezone^gmt_offset^dst_offset^raw_offset^moddate^city_code_list^city_name_list^city_detail_list^tvl_por_list^iso31662^location_type^wiki_link^alt_name_section^wac^wac_name^ccy_code^unlc_list^uic_list^geoname_lat^geoname_lon
^OE45^^Y^393978^^Ras Khafji^Ras Khafji^28.39^48.51635^S^AIRF^^^^^SA^^Saudi Arabia^Asia^06^Eastern Province^Eastern Province^^^^^^0^23^8^Asia/Riyadh^3.0^3.0^3.0^2018-04-07^^^^^^A^https://en.wikipedia.org/wiki/Khafji_Airport^|Ras al Khafji|=ar|مطار الخفجي|=en|Ras Khafji|^670^Saudi Arabia^SAR^^^^
^UD21^^Y^799780^^Yerevan Yegvard^Yerevan Yegvard^40.2963^44.56621^S^AIRF^^^^^AM^^Armenia^Asia^05^Kotayk^Kotayk^^^^^^0^1341^1352^Asia/Yerevan^4.0^4.0^4.0^2017-10-28^^^^^^A^^en|Yerevan Yegvard|=en|Yegard|^405^Armenia^AMD^^^^
^SA36^^Y^3429400^^Saladillo^Saladillo^-35.6^-59.81667^S^AIRF^^^^^AR^^Argentina^South America^01^Buenos Aires^Buenos Aires^06707^Partido de Saladillo^Partido de Saladillo^^^0^^46^America/Argentina/Buenos_Aires^-3.0^-3.0^-3.0^2017-11-08^^^^^B^A^^|Saladillo|^303^Argentina^ARS^^^^
^MM46^^Y^3515957^^Tenosique^Tenosique^17.45^-91.4^S^AIRF^^^^^MX^^Mexico^North America^27^Tabasco^Tabasco^017^Tenosique^Tenosique^^^0^^25^America/Merida^-6.0^-5.0^-6.0^2017-11-07^^^^^TAB^A^^|Tenosique|^148^Mexico^MXN^^^^
^MM22^^Y^3525201^^La Pesca^La Pesca^23.8^-97.76667^S^AIRF^^^^^MX^^Mexico^North America^28^Tamaulipas^Tamaulipas^037^Soto la Marina^Soto la Marina^^^0^^1^America/Monterrey^-6.0^-5.0^-6.0^2017-11-07^^^^^TAM^A^^|La Pesca|^148^Mexico^MXN^^^^
^MM38^^Y^3527648^^Falcon Dam^Falcon Dam^26.51667^-99.13333^S^AIRF^^^^^MX^^Mexico^North America^28^Tamaulipas^Tamaulipas^024^Mier^Mier^^^0^^70^America/Monterrey^-6.0^-5.0^-6.0^2017-11-07^^^^^TAM^A^^|Falcon Dam|^148^Mexico^MXN^^^^
^MYX7^^Y^3571565^^Rudder Cut Cay Airport^Rudder Cut Cay Airport^23.88333^-76.25^S^AIRF^^^^^BS^^Bahamas^North America^36^Black Point^Black Point^^^^^^0^^7^America/Nassau^-5.0^-4.0^-5.0^2017-10-28^^^^^^A^https://en.wikipedia.org/wiki/Rudder_Cut_Cay_Airport^^204^Bahamas^BSD^^^^
^MYX6^MYX6^Y^3571755^^Oakes Field-Nassau Heliport^Oakes Field-Nassau Heliport^25.0405^-77.3515^S^AIRF^^^^^BS^^Bahamas^North America^23^New Providence^New Providence^^^^^^0^^30^America/Nassau^-5.0^-4.0^-5.0^2014-08-08^^^^^^A^^en|Oakes Field|^204^Bahamas^BSD^^^^
^SA05^^Y^3864332^^Bell Ville^Bell Ville^-32.65^-62.7^S^AIRF^^^^^AR^^Argentina^South America^05^Cordoba^Cordoba^14182^Departamento de Unión^Departamento de Union^^^0^^131^America/Argentina/Cordoba^-3.0^-3.0^-3.0^2017-10-28^^^^^X^A^^|Bell Ville|^303^Argentina^ARS^^^^
^SC49^^Y^3878174^^Oficina Victoria^Oficina Victoria^-20.73875^-69.62403^S^AIRF^^^^^CL^^Chile^South America^15^Tarapacá^Tarapaca^14^Provincia del Tamarugal^Provincia del Tamarugal^01401^^0^^966^America/Santiago^-3.0^-4.0^-4.0^2017-10-28^^^^^TA^A^^|Oficina Victoria|=|Aeródromo Oficina Victoria|^324^Chile^CLP^^^^
^MM42^^Y^3995195^^Muzquiz New^Muzquiz New^27.85^-101.51667^S^AIRF^^^^^MX^^Mexico^North America^07^Coahuila^Coahuila^020^Múzquiz^Muzquiz^^^0^^529^America/Monterrey^-6.0^-5.0^-6.0^2017-11-07^^^^^COA^A^^|Muzquiz New|^148^Mexico^MXN^^^^
^MM77^^Y^3999979^^Las Delicias^Las Delicias^28.2^-105.43333^S^AIRF^^^^^MX^^Mexico^North America^06^Chihuahua^Chihuahua^021^Delicias^Delicias^^^0^^1189^America/Chihuahua^-7.0^-6.0^-7.0^2017-11-07^^^^^CHH^A^^|Las Delicias|^148^Mexico^MXN^^^^
^MM39^^Y^4005310^^Guamuchil^Guamuchil^25.43333^-108.08333^S^AIRF^^^^^MX^^Mexico^North America^25^Sinaloa^Sinaloa^015^Salvador Alvarado^Salvador Alvarado^^^0^^52^America/Mazatlan^-7.0^-6.0^-7.0^2017-11-07^^^^^SIN^A^^|Guamuchil|^148^Mexico^MXN^^^^
^MM79^^Y^4009796^^El Fuerte Airport^El Fuerte Airport^26.39806^-108.61056^S^AIRF^^^^^MX^^Mexico^North America^25^Sinaloa^Sinaloa^010^El Fuerte^El Fuerte^^^0^^99^America/Mazatlan^-7.0^-6.0^-7.0^2015-06-22^^^^^SIN^A^https://en.wikipedia.org/wiki/El_Fuerte_Airport^^148^Mexico^MXN^^^^
^MM37^^Y^4015101^^Casa Madero^Casa Madero^25.5^-102.2^S^AIRF^^^^^MX^^Mexico^North America^07^Coahuila^Coahuila^024^Parras^Parras^^^0^^1399^America/Monterrey^-6.0^-5.0^-6.0^2017-11-07^^^^^COA^A^^|Casa Madero|^148^Mexico^MXN^^^^
^K0J4^^Y^4062574^^Florala Municipal Airport^Florala Municipal Airport^31.04594^-86.30963^S^AIRP^^^^^US^^United States^North America^AL^Alabama^Alabama^039^Covington County^Covington County^^^0^97^94^America/Chicago^-6.0^-5.0^-6.0^2014-10-07^^^^^AL^A^https://en.wikipedia.org/wiki/Florala_Municipal_Airport^^51^Alabama^USD^^^^
^K3A1^^Y^4062667^^Cullman Regional Airport-Folsom Field^Cullman Regional Airport-Folsom Field^34.26792^-86.85971^S^AIRF^^^^^US^^United States^North America^AL^Alabama^Alabama^043^Cullman County^Cullman County^^^0^288^291^America/Chicago^-6.0^-5.0^-6.0^2014-10-07^^^^^AL^A^https://en.wikipedia.org/wiki/Folsom_Field_%28Alabama%29^|Folsom Field|=|Folsom Field Airport|=en|Cullman Regional Airport-Folsom Field|p^51^Alabama^USD^^^^
^K4A9^^Y^4069276^^Isbell Field^Isbell Field^34.47302^-85.72^S^AIRF^^^^^US^^United States^North America^AL^Alabama^Alabama^049^DeKalb County^DeKalb County^^^0^269^256^America/Chicago^-6.0^-5.0^-6.0^2014-10-07^^^^^AL^A^https://en.wikipedia.org/wiki/Isbell_Field^|Isbell Field Airport|=en|Isbell Field|p^51^Alabama^USD^^^^
^K3M5^3M5^Y^4074288^^Moontown Airport^Moontown Airport^34.74731^-86.46138^S^AIRP^^^^^US^^United States^North America^AL^Alabama^Alabama^089^Madison County^Madison County^^^0^196^190^America/Chicago^-6.0^-5.0^-6.0^2011-07-23^^^^^AL^A^https://en.wikipedia.org/wiki/Moontown_Airport^|Madison County Sky Park|=en|Moontown Airport|p=wkdt|Q3612919|^51^Alabama^USD^^^^
^K1M4^^Y^4084615^^Posey Field^Posey Field^34.27968^-87.59859^S^AIRF^^^^^US^^United States^North America^AL^Alabama^Alabama^133^Winston County^Winston County^^^0^279^277^America/Chicago^-6.0^-5.0^-6.0^2014-10-07^^^^^AL^A^https://en.wikipedia.org/wiki/Posey_Field^|Posey Field Airport|=en|Posey Field|p^51^Alabama^USD^^^^
^KM19^^Y^4123840^^Newport Municipal Airport^Newport Municipal Airport^35.64048^-91.1777^S^AIRP^^^^^US^^United States^North America^AR^Arkansas^Arkansas^067^Jackson County^Jackson County^93804^^0^72^73^America/Chicago^-6.0^-5.0^-6.0^2017-05-23^^^^^AR^A^https://en.wikipedia.org/wiki/Newport_Municipal_Airport_%28Arkansas%29^^71^Arkansas^USD^^^^
^KX21^^Y^4146293^^Arthur Dunn Air Park^Arthur Dunn Air Park^28.62278^-80.8333^S^AIRP^^^^^US^^United States^North America^FL^Florida^Florida^009^Brevard County^Brevard County^^^0^8^10^America/New_York^-5.0^-4.0^-5.0^2013-03-07^^^^^FL^A^https://en.wikipedia.org/wiki/Arthur_Dunn_Airpark^|Arthur Dunn Airpark|=en|Arthur Dunn Air Park|p^33^Florida^USD^^^^
^K47A^^Y^4187536^^Cherokee County Airport^Cherokee County Airport^34.30997^-84.42336^S^AIRP^^^^^US^^United States^North America^GA^Georgia^Georgia^057^Cherokee County^Cherokee County^^^0^370^371^America/New_York^-5.0^-4.0^-5.0^2011-03-10^^^^^GA^A^https://en.wikipedia.org/wiki/Cherokee_County_Airport_%28Georgia%29^wkdt|Q1708634|^34^Georgia^USD^^^^
^K3J7^^Y^4198161^^Greene County Regional Airport^Greene County Regional Airport^33.59606^-83.13872^S^AIRP^^^^^US^^United States^North America^GA^Georgia^Georgia^133^Greene County^Greene County^^^0^207^207^America/New_York^-5.0^-4.0^-5.0^2011-03-10^^^^^GA^A^https://en.wikipedia.org/wiki/Greene_County_Regional_Airport^|Greene County Airpark|=en|Greene County Regional Airport|p^34^Georgia^USD^^^^
^K1H2^^Y^4237734^^Effingham County Memorial Airport^Effingham County Memorial Airport^39.07473^-88.53535^S^AIRP^^^^^US^^United States^North America^IL^Illinois^Illinois^049^Effingham County^Effingham County^79254^^0^177^175^America/Chicago^-6.0^-5.0^-6.0^2017-05-23^^^^^IL^A^https://en.wikipedia.org/wiki/Effingham_County_Memorial_Airport^^41^Illinois^USD^^^^
^K3LF^^Y^4243138^^Litchfield Municipal Airport^Litchfield Municipal Airport^39.16482^-89.66957^S^AIRF^^^^^US^^United States^North America^IL^Illinois^Illinois^135^Montgomery County^Montgomery County^70928^^0^209^207^America/Chicago^-6.0^-5.0^-6.0^2017-05-23^^^^^IL^A^https://en.wikipedia.org/wiki/Litchfield_Municipal_Airport_%28Illinois%29^^41^Illinois^USD^^^^
^KM30^^Y^4244466^^Metropolis Municipal Airport^Metropolis Municipal Airport^37.18522^-88.74954^S^AIRP^^^^^US^^United States^North America^IL^Illinois^Illinois^127^Massac County^Massac County^^^0^116^113^America/Chicago^-6.0^-5.0^-6.0^2014-10-07^^^^^IL^A^https://en.wikipedia.org/wiki/Metropolis_Municipal_Airport^^41^Illinois^USD^^^^
^K1A6^^Y^4300720^^Middlesboro-Bell County Airport^Middlesboro-Bell County Airport^36.61078^-83.74236^S^AIRP^^^^^US^^United States^North America^KY^Kentucky^Kentucky^013^Bell County^Bell County^^^0^350^351^America/New_York^-5.0^-4.0^-5.0^2011-12-11^^^^^KY^A^^^52^Kentucky^USD^^^^
^K2F8^^Y^4333787^^Morehouse Memorial Airport^Morehouse Memorial Airport^32.7564^-91.88224^S^AIRP^^^^^US^^United States^North America^LA^Louisiana^Louisiana^067^Morehouse Parish^Morehouse Parish^^^0^50^51^America/Chicago^-6.0^-5.0^-6.0^2014-10-07^^^^^LA^A^https://en.wikipedia.org/wiki/Morehouse_Memorial_Airport^^72^Louisiana^USD^^^^
^K2W2^^Y^4351765^^Clearview Airpark^Clearview Airpark^39.46678^-77.01701^S^AIRP^^^^^US^^United States^North America^MD^Maryland^Maryland^013^Carroll County^Carroll County^^^0^240^233^America/New_York^-5.0^-4.0^-5.0^2014-05-20^^^^^MD^A^https://en.wikipedia.org/wiki/Clearview_Airpark^wkdt|Q1655629|^35^Maryland^USD^^^^
^KW44^^Y^4453044^^Asheboro Municipal Airport^Asheboro Municipal Airport^35.65014^-79.88309^S^AIRP^^^^^US^^United States^North America^NC^North Carolina^North Carolina^151^Randolph County^Randolph County^90584^^0^207^216^America/New_York^-5.0^-4.0^-5.0^2017-05-23^^^^^NC^A^^en|Asheboro Municipal Airport|p=wkdt|Q35245775|^36^North Carolina^USD^^^^
^00NC^^Y^4467142^^North Raleigh Airport^North Raleigh Airport^36.08515^-78.37139^S^AIRP^^^^^US^^United States^North America^NC^North Carolina^North Carolina^069^Franklin County^Franklin County^91170^^0^104^104^America/New_York^-5.0^-4.0^-5.0^2017-05-23^^^^^NC^A^^|Franklin County Airport|=en|North Raleigh Airport|p=wkdt|Q35284658|^36^North Carolina^USD^^^^
^K1A5^^Y^4477725^^Macon County Airport^Macon County Airport^35.22073^-83.42011^S^AIRP^^^^^US^^United States^North America^NC^North Carolina^North Carolina^113^Macon County^Macon County^91156^^0^613^611^America/New_York^-5.0^-4.0^-5.0^2017-05-23^^^^^NC^A^https://en.wikipedia.org/wiki/Macon_County_Airport^|Nantahala National Forest Airport|=en|Macon County Airport|p^36^North Carolina^USD^^^^
^K45J^^Y^4488582^^Richmond County Airport^Richmond County Airport^34.89406^-79.75768^S^AIRP^^^^^US^^United States^North America^NC^North Carolina^North Carolina^153^Richmond County^Richmond County^94088^^0^108^108^America/New_York^-5.0^-4.0^-5.0^2017-05-23^^^^^NC^A^https://en.wikipedia.org/wiki/Richmond_County_Airport^|Rockingham-Hamlet Airport|=en|Richmond County Airport|p^36^North Carolina^USD^^^^
^K78N^^Y^4491347^^Shiloh Airport^Shiloh Airport^36.43708^-79.85115^S^AIRP^^^^^US^^United States^North America^NC^North Carolina^North Carolina^157^Rockingham County^Rockingham County^92020^^0^202^202^America/New_York^-5.0^-4.0^-5.0^2017-05-23^^^^^NC^A^^wkdt|Q35301705|^36^North Carolina^USD^^^^
^KF10^^Y^4538582^^Henryetta Municipal Airport^Henryetta Municipal Airport^35.40763^-96.0143^S^AIRP^^^^^US^^United States^North America^OK^Oklahoma^Oklahoma^111^Okmulgee County^Okmulgee County^^^0^254^255^America/Chicago^-6.0^-5.0^-6.0^2011-12-11^^^^^OK^A^^wkdt|Q35264210|^73^Oklahoma^USD^^^^
^K11R^^Y^4676215^^Brenham Municipal Airport^Brenham Municipal Airport^30.219^-96.37428^S^AIRP^^^^^US^^United States^North America^TX^Texas^Texas^477^Washington County^Washington County^^^0^81^79^America/Chicago^-6.0^-5.0^-6.0^2011-12-11^^^^^TX^A^^wkdt|Q35247638|^74^Texas^USD^^^^
^K3T5^^Y^4690291^^Fayette Regional Air Center^Fayette Regional Air Center^29.90864^-96.94887^S^AIRP^^^^^US^^United States^North America^TX^Texas^Texas^149^Fayette County^Fayette County^^^0^96^97^America/Chicago^-6.0^-5.0^-6.0^2016-12-07^^^^^TX^A^https://en.wikipedia.org/wiki/Fayette_Regional_Air_Center^|Fayette Regional Air Center Airport|=en|Fayette Regional Air Center|p^74^Texas^USD^^^^
^KT82^^Y^4693533^^Gillespie County Airport^Gillespie County Airport^30.24475^-98.9087^S^AIRP^^^^^US^^United States^North America^TX^Texas^Texas^171^Gillespie County^Gillespie County^^^0^514^515^America/Chicago^-6.0^-5.0^-6.0^2011-12-11^^^^^TX^A^^^74^Texas^USD^^^^
^KT65^^Y^4711044^^Mid Valley Airport^Mid Valley Airport^26.1779^-97.97192^S^AIRP^^^^^US^^United States^North America^TX^Texas^Texas^215^Hidalgo County^Hidalgo County^^^0^20^24^America/Chicago^-6.0^-5.0^-6.0^2011-12-11^^^^^TX^A^https://en.wikipedia.org/wiki/Mid_Valley_Airport^wkdt|Q6841039|^74^Texas^USD^^^^
^K6V3^^Y^4788972^^Tazewell County Airport^Tazewell County Airport^37.06213^-81.79855^S^AIRP^^^^^US^^United States^North America^VA^Virginia^Virginia^185^Tazewell County^Tazewell County^^^0^819^807^America/New_York^-5.0^-4.0^-5.0^2011-12-12^^^^^VA^A^^^38^Virginia^USD^^^^
^KW22^^Y^4800596^^Upshur County Regional Airport^Upshur County Regional Airport^38.99883^-80.27799^S^AIRP^^^^^US^^United States^North America^WV^West Virginia^West Virginia^097^Upshur County^Upshur County^^^0^502^500^America/New_York^-5.0^-4.0^-5.0^2011-03-10^^^^^WV^A^^|Buckhannon-Upshur County Airport|=en|Upshur County Regional Airport|p=wkdt|Q35314424|^39^West Virginia^USD^^^^
^KI16^^Y^4810704^^Kee Field^Kee Field^37.59939^-81.55847^S^AIRF^^^^^US^^United States^North America^WV^West Virginia^West Virginia^109^Wyoming County^Wyoming County^^^0^533^530^America/New_York^-5.0^-4.0^-5.0^2016-12-07^^^^^WV^A^^|Kee Field Airport|=en|Kee Field|p^39^West Virginia^USD^^^^
^K3I2^^Y^4813935^^Mason County Airport^Mason County Airport^38.91525^-82.10063^S^AIRP^^^^^US^^United States^North America^WV^West Virginia^West Virginia^053^Mason County^Mason County^^^0^195^195^America/New_York^-5.0^-4.0^-5.0^2011-03-10^^^^^WV^A^^^39^West Virginia^USD^^^^
^K48I^^Y^4829343^^Braxton County Airport^Braxton County Airport^38.68511^-80.65127^S^AIRP^^^^^US^^United States^North America^WV^West Virginia^West Virginia^007^Braxton County^Braxton County^^^0^385^384^America/New_York^-5.0^-4.0^-5.0^2014-10-08^^^^^WV^A^^wkdt|Q34959941|^39^West Virginia^USD^^^^
^KC75^^Y^4901300^^Marshall County Airport^Marshall County Airport^41.02138^-89.38729^S^AIRP^^^^^US^^United States^North America^IL^Illinois^Illinois^123^Marshall County^Marshall County^36152^^0^168^168^America/Chicago^-6.0^-5.0^-6.0^2017-05-23^^^^^IL^A^^^41^Illinois^USD^^^^
^K2B1^2B1^Y^4932239^^Cape Cod Airport^Cape Cod Airport^41.68531^-70.40665^S^AIRP^^^^^US^^United States^North America^MA^Massachusetts^Massachusetts^001^Barnstable County^Barnstable County^03690^^0^32^31^America/New_York^-5.0^-4.0^-5.0^2017-05-23^^^^^MA^A^https://en.wikipedia.org/wiki/Cape_Cod_Airport^|Marstons Mills Airport|=en|Cape Cod Airport|p^13^Massachusetts^USD^^^^
^K28M^28M^Y^4934149^^Cranland Airport^Cranland Airport^42.02439^-70.83849^S^AIRP^^^^^US^^United States^North America^MA^Massachusetts^Massachusetts^023^Plymouth County^Plymouth County^28495^^0^23^28^America/New_York^-5.0^-4.0^-5.0^2017-05-23^^^^^MA^A^https://en.wikipedia.org/wiki/Cranland_Airport^|Hanson Airport|=en|Cranland Airport|p=wkdt|Q1655517|^13^Massachusetts^USD^^^^
^K1B6^1B6^Y^4939864^^Hopedale Industrial Park Airport^Hopedale Industrial Park Airport^42.10591^-71.5099^S^AIRP^^^^^US^^United States^North America^MA^Massachusetts^Massachusetts^027^Worcester County^Worcester County^30945^^0^73^73^America/New_York^-5.0^-4.0^-5.0^2017-05-23^^^^^MA^A^https://en.wikipedia.org/wiki/Hopedale_Industrial_Park_Airport^wkdt|Q3206770|^13^Massachusetts^USD^^^^
^K1B2^1B2^Y^4941138^^Katama Airpark^Katama Airpark^41.35792^-70.5245^S^AIRP^^^^^US^^United States^North America^MA^Massachusetts^Massachusetts^007^Dukes County^Dukes County^21150^^0^4^-2^America/New_York^-5.0^-4.0^-5.0^2017-05-23^^^^^MA^A^https://en.wikipedia.org/wiki/Katama_Airpark^|Katama Air Park|=|Katama Airpark Airport|=en|Katama Airpark|p=wkdt|Q6375075|^13^Massachusetts^USD^^^^
^K9B1^9B1^Y^4943169^^Marlboro Airport^Marlboro Airport^42.34326^-71.51127^S^AIRP^^^^^US^^United States^North America^MA^Massachusetts^Massachusetts^017^Middlesex County^Middlesex County^38715^^0^84^87^America/New_York^-5.0^-4.0^-5.0^2017-05-23^^^^^MA^A^https://en.wikipedia.org/wiki/Marlboro_Airport^|Marlborough Airport|=en|Marlboro Airport|p^13^Massachusetts^USD^^^^
^K3B2^GHG^Y^4943205^^Marshfield Airport^Marshfield Airport^42.09816^-70.67143^S^AIRP^^^^^US^^United States^North America^MA^Massachusetts^Massachusetts^023^Plymouth County^Plymouth County^38855^^0^1^6^America/New_York^-5.0^-4.0^-5.0^2017-05-23^^^^^MA^A^https://en.wikipedia.org/wiki/Marshfield_Municipal_Airport_%28Massachusetts%29^|Marshfield Airport|=|George Harlow Field|^13^Massachusetts^USD^^^^
^K1M8^1M8^Y^4944831^^Myricks Airport^Myricks Airport^41.83793^-71.02682^S^AIRP^^^^^US^^United States^North America^MA^Massachusetts^Massachusetts^005^Bristol County^Bristol County^05280^^0^20^0^America/New_York^-5.0^-4.0^-5.0^2017-05-23^^^^^MA^A^https://en.wikipedia.org/wiki/Myricks_Airport^^13^Massachusetts^USD^^^^
^K60M^60M^Y^4951700^^Spencer Airport^Spencer Airport^42.28956^-71.96551^S^AIRP^^^^^US^^United States^North America^MA^Massachusetts^Massachusetts^027^Worcester County^Worcester County^66105^^0^315^320^America/New_York^-5.0^-4.0^-5.0^2017-05-23^^^^^MA^A^https://en.wikipedia.org/wiki/Spencer_Airport^^13^Massachusetts^USD^^^^
^K3B3^3B3^Y^4952006^^Sterling Airport^Sterling Airport^42.42567^-71.79406^S^AIRP^^^^^US^^United States^North America^MA^Massachusetts^Massachusetts^027^Worcester County^Worcester County^67385^^0^139^139^America/New_York^-5.0^-4.0^-5.0^2017-05-23^^^^^MA^A^https://en.wikipedia.org/wiki/Sterling_Airport^^13^Massachusetts^USD^^^^
^K8B5^8B5^Y^4952582^^Tanner-Hiller Airport^Tanner-Hiller Airport^42.35556^-72.12937^S^AIRP^^^^^US^^United States^North America^MA^Massachusetts^Massachusetts^027^Worcester County^Worcester County^45105^^0^180^181^America/New_York^-5.0^-4.0^-5.0^2017-05-23^^^^^MA^A^https://en.wikipedia.org/wiki/Tanner-Hiller_Airport^|Tanner - Hiller Airport|=en|Tanner-Hiller Airport|p^13^Massachusetts^USD^^^^
^MA44^^Y^4953249^^Trade Wind Airport^Trade Wind Airport^41.44074^-70.56833^S^AIRP^^^^^US^^United States^North America^MA^Massachusetts^Massachusetts^007^Dukes County^Dukes County^50390^^0^7^5^America/New_York^-5.0^-4.0^-5.0^2017-05-23^^^^^MA^A^https://en.wikipedia.org/wiki/Trade_Wind_Airport^|Oak Bluffs Airport|=en|Trade Wind Airport|p=wkdt|Q14715889|^13^Massachusetts^USD^^^^
^K3B1^^Y^4965985^^Greenville Municipal Airport^Greenville Municipal Airport^45.46533^-69.5538^S^AIRP^^^^^US^^United States^North America^ME^Maine^Maine^021^Piscataquis County^Piscataquis County^29535^^0^426^424^America/New_York^-5.0^-4.0^-5.0^2017-05-23^^^^^ME^A^https://en.wikipedia.org/wiki/Greenville_Municipal_Airport_%28Maine%29^|Greenville Airfield|=en|Greenville Municipal Airport|p^12^Maine^USD^^^^
^KY15^^Y^4988618^^Cheboygan City-County Airport^Cheboygan City-County Airport^45.65362^-84.51837^S^AIRP^^^^^US^^United States^North America^MI^Michigan^Michigan^031^Cheboygan County^Cheboygan County^06500^^0^192^189^America/Detroit^-5.0^-4.0^-5.0^2017-05-23^^^^^MI^A^^en|Cheboygan City-County Airport|p=wkdt|Q35249138|^43^Michigan^USD^^^^
^K48D^48D^Y^4988936^^Clare Municipal Airport^Clare Municipal Airport^43.83396^-84.74585^S^AIRP^^^^^US^^United States^North America^MI^Michigan^Michigan^035^Clare County^Clare County^15920^^0^255^255^America/Detroit^-5.0^-4.0^-5.0^2017-05-23^^^^^MI^A^https://en.wikipedia.org/wiki/Clare_Municipal_Airport^^43^Michigan^USD^^^^
^K2D8^2D8^Y^4990370^^Davis Airport^Davis Airport^42.77365^-84.48859^S^AIRP^^^^^US^^United States^North America^MI^Michigan^Michigan^065^Ingham County^Ingham County^24120^^0^256^256^America/Detroit^-5.0^-4.0^-5.0^2017-05-23^^^^^MI^A^https://en.wikipedia.org/wiki/Davis_Airport_%28Michigan%29^^43^Michigan^USD^^^^
^K9C8^9C8^Y^4992305^^Evart Municipal Airport^Evart Municipal Airport^43.89574^-85.28558^S^AIRP^^^^^US^^United States^North America^MI^Michigan^Michigan^133^Osceola County^Osceola County^26640^^0^309^307^America/Detroit^-5.0^-4.0^-5.0^2017-05-23^^^^^MI^A^https://en.wikipedia.org/wiki/Evart_Municipal_Airport^^43^Michigan^USD^^^^
^K55D^^Y^4994579^^Grayling Army Airfield^Grayling Army Airfield^44.68048^-84.73036^S^AIRF^^^^^US^^United States^North America^MI^Michigan^Michigan^039^Crawford County^Crawford County^34660^^0^351^347^America/Detroit^-5.0^-4.0^-5.0^2017-05-23^^^^^MI^A^https://en.wikipedia.org/wiki/Grayling_Army_Airfield^|Grayling Army Air Field|=en|Grayling Army Airfield|p^43^Michigan^USD^^^^
^K50G^50G^Y^4996628^^Howard Nixon Memorial Airport^Howard Nixon Memorial Airport^43.18087^-84.13131^S^AIRP^^^^^US^^United States^North America^MI^Michigan^Michigan^145^Saginaw County^Saginaw County^15160^^0^196^194^America/Detroit^-5.0^-4.0^-5.0^2017-05-23^^^^^MI^A^^wkdt|Q35266666|^43^Michigan^USD^^^^
^K35D^35D^Y^5004851^^Padgham Field Airport^Padgham Field Airport^42.53259^-85.83012^S^AIRF^^^^^US^^United States^North America^MI^Michigan^Michigan^005^Allegan County^Allegan County^01260^^0^213^214^America/Detroit^-5.0^-4.0^-5.0^2017-05-23^^^^^MI^A^https://en.wikipedia.org/wiki/Padgham_Field^|Allegan City Airport|=en|Padgham Field Airport|p^43^Michigan^USD^^^^
^K60G^60G^Y^5010108^^Skyway Estates Airport^Skyway Estates Airport^42.58334^-84.64914^S^AIRP^^^^^US^^United States^North America^MI^Michigan^Michigan^045^Eaton County^Eaton County^24560^^0^284^283^America/Detroit^-5.0^-4.0^-5.0^2017-05-23^^^^^MI^A^https://en.wikipedia.org/wiki/Skyway_Estates_Airport^^43^Michigan^USD^^^^
^K41G^41G^Y^5012983^^University Airpark^University Airpark^42.84025^-84.47911^S^AIRP^^^^^US^^United States^North America^MI^Michigan^Michigan^037^Clinton County^Clinton County^05900^^0^258^257^America/Detroit^-5.0^-4.0^-5.0^2017-05-23^^^^^MI^A^https://en.wikipedia.org/wiki/University_Airpark^wkdt|Q7894505|^43^Michigan^USD^^^^
^K49G^49G^Y^5014372^^Wend Valley Airport^Wend Valley Airport^42.57967^-84.90898^S^AIRP^^^^^US^^United States^North America^MI^Michigan^Michigan^045^Eaton County^Eaton County^13380^^0^261^261^America/Detroit^-5.0^-4.0^-5.0^2017-05-23^^^^^MI^A^https://en.wikipedia.org/wiki/Wend_Valley_Airport^|Tinkerville Airport|=en|Wend Valley Airport|p=wkdt|Q7982341|^43^Michigan^USD^^^^
^K8Y2^8Y2^Y^5019636^^Buffalo Municipal Airport^Buffalo Municipal Airport^45.15885^-93.8433^S^AIRP^^^^^US^^United States^North America^MN^Minnesota^Minnesota^171^Wright County^Wright County^08452^^0^294^290^America/Chicago^-6.0^-5.0^-6.0^2017-05-23^^^^^MN^A^https://en.wikipedia.org/wiki/Buffalo_Municipal_Airport_%28Minnesota%29^wkdt|Q3886020|^63^Minnesota^USD^^^^
^K48Y^^Y^5041708^^Piney Pinecreek Border Airport^Piney Pinecreek Border Airport^48.99743^-95.97923^S^AIRP^^^^^US^^United States^North America^MN^Minnesota^Minnesota^135^Roseau County^Roseau County^15958^^0^326^324^America/Chicago^-6.0^-5.0^-6.0^2017-05-23^^^^^MN^A^https://en.wikipedia.org/wiki/Piney_Pinecreek_Border_Airport^^63^Minnesota^USD^^^^
^K1P1^^Y^5091315^^Plymouth Municipal Airport^Plymouth Municipal Airport^43.77883^-71.75423^S^AIRP^^^^^US^^United States^North America^NH^New Hampshire^New Hampshire^009^Grafton County^Grafton County^62660^^0^156^158^America/New_York^-5.0^-4.0^-5.0^2017-05-23^^^^^NH^A^https://en.wikipedia.org/wiki/Plymouth_Municipal_Airport_%28New_Hampshire%29^wkdt|Q7205835|^14^New Hampshire^USD^^^^
^K12N^^Y^5095051^^Aeroflex-Andover Airport^Aeroflex-Andover Airport^41.0089^-74.73791^S^AIRP^^^^^US^^United States^North America^NJ^New Jersey^New Jersey^037^Sussex County^Sussex County^01360^^0^179^180^America/New_York^-5.0^-4.0^-5.0^2017-05-23^^^^^NJ^A^https://en.wikipedia.org/wiki/Aeroflex-Andover_Airport^|Aeroflex Airport|=en|Aeroflex-Andover Airport|p=wkdt|Q4688258|^21^New Jersey^USD^^^^
^KI12^^Y^5172082^^Sidney Municipal Airport^Sidney Municipal Airport^40.23643^-84.15308^S^AIRP^^^^^US^^United States^North America^OH^Ohio^Ohio^149^Shelby County^Shelby County^58660^^0^316^315^America/New_York^-5.0^-4.0^-5.0^2017-05-23^^^^^OH^A^https://en.wikipedia.org/wiki/Sidney_Municipal_Airport_%28Ohio%29^^44^Ohio^USD^^^^
^K8D3^^Y^5231866^^Sisseton Municipal Airport^Sisseton Municipal Airport^45.66817^-96.99512^S^AIRP^^^^^US^^United States^North America^SD^South Dakota^South Dakota^109^Roberts County^Roberts County^59300^^0^354^350^America/Chicago^-6.0^-5.0^-6.0^2017-05-23^^^^^SD^A^^^67^South Dakota^USD^^^^
^K02C^^Y^5247812^^Capitol Airport^Capitol Airport^43.08569^-88.17968^S^AIRP^^^^^US^^United States^North America^WI^Wisconsin^Wisconsin^133^Waukesha County^Waukesha County^10025^^0^259^256^America/Chicago^-6.0^-5.0^-6.0^2017-05-23^^^^^WI^A^https://en.wikipedia.org/wiki/Capitol_Airport^|Capitol Drive Airport|=en|Capitol Airport|p^45^Wisconsin^USD^^^^
^KY50^^Y^5278153^^Wautoma Municipal Airport^Wautoma Municipal Airport^44.04641^-89.30543^S^AIRP^^^^^US^^United States^North America^WI^Wisconsin^Wisconsin^137^Waushara County^Waushara County^84625^^0^260^262^America/Chicago^-6.0^-5.0^-6.0^2017-05-23^^^^^WI^A^https://en.wikipedia.org/wiki/Wautoma_Municipal_Airport^^45^Wisconsin^USD^^^^
^K04V^^Y^5437359^^Saguache Municipal Airport^Saguache Municipal Airport^38.09785^-106.17113^S^AIRP^^^^^US^^United States^North America^CO^Colorado^Colorado^109^Saguache County^Saguache County^^^0^2383^2384^America/Denver^-7.0^-6.0^-7.0^2011-12-11^^^^^CO^A^^^82^Colorado^USD^^^^
^KO87^^Y^5571189^^Shelter Cove Airport^Shelter Cove Airport^40.02541^-124.06985^S^AIRP^^^^^US^^United States^North America^CA^California^California^023^Humboldt County^Humboldt County^^^0^21^19^America/Los_Angeles^-8.0^-7.0^-8.0^2011-12-12^^^^^CA^A^https://en.wikipedia.org/wiki/Shelter_Cove_Airport^^91^California^USD^^^^
^K2U7^^Y^5608727^^Stanley Airport^Stanley Airport^44.20852^-114.93453^S^AIRP^^^^^US^^United States^North America^ID^Idaho^Idaho^037^Custer County^Custer County^^^0^1949^1949^America/Boise^-7.0^-6.0^-7.0^2006-01-15^^^^^ID^A^^|Stanley Municipal Airport|=en|Stanley Airport|p=wkdt|Q49751212|^83^Idaho^USD^^^^
^K4S2^^Y^5731766^^Ken Jernstedt Airfield^Ken Jernstedt Airfield^45.67175^-121.53896^S^AIRF^^^^^US^^United States^North America^OR^Oregon^Oregon^027^Hood River County^Hood River County^^^0^192^188^America/Los_Angeles^-8.0^-7.0^-8.0^2014-10-08^^^^^OR^A^https://en.wikipedia.org/wiki/Ken_Jernstedt_Airfield^|Hood River Airport|=en|Ken Jernstedt Airfield|p^92^Oregon^USD^^^^
^K2S9^^Y^5816072^^Willapa Harbor Airport^Willapa Harbor Airport^46.69796^-123.82191^S^AIRP^^^^^US^^United States^North America^WA^Washington^Washington^049^Pacific County^Pacific County^^^0^3^3^America/Los_Angeles^-8.0^-7.0^-8.0^2014-10-08^^^^^WA^A^^^93^Washington^USD^^^^
^K05F^^Y^6297390^^Gatesville, City-County Airport^Gatesville, City-County Airport^31.42111^-97.79694^S^AIRP^^^^^US^^United States^North America^TX^Texas^Texas^^^^^^0^276^268^America/Chicago^-6.0^-5.0^-6.0^2011-02-16^^^^^TX^A^^^74^Texas^USD^^^^
^K07G^^Y^6297391^^Charlotte, Fitch H Beach Airport^Charlotte, Fitch H Beach Airport^42.57444^-84.81139^S^AIRP^^^^^US^^United States^North America^MI^Michigan^Michigan^045^Eaton County^Eaton County^14820^^0^271^269^America/Detroit^-5.0^-4.0^-5.0^2017-05-23^^^^^MI^A^^^43^Michigan^USD^^^^
^K0V1^^Y^6297398^^Custer, Custer County Airport^Custer, Custer County Airport^43.73306^-103.61139^S^AIRP^^^^^US^^United States^North America^SD^South Dakota^South Dakota^033^Custer County^Custer County^70320^^0^1711^1690^America/Denver^-7.0^-6.0^-7.0^2017-05-23^^^^^SD^A^^^67^South Dakota^USD^^^^
^K12C^^Y^6297404^^Rochelle, Rochelle Municipal-Koritz Field Airport^Rochelle, Rochelle Municipal-Koritz Field Airport^41.89306^-89.07833^S^AIRP^^^^^US^^United States^North America^IL^Illinois^Illinois^141^Ogle County^Ogle County^26298^^0^238^235^America/Chicago^-6.0^-5.0^-6.0^2017-05-23^^^^^IL^A^^wkdt|Q35295354|^41^Illinois^USD^^^^
^K17Y^^Y^6297417^^Mc Gregor, Isedor Iverson Airport^Mc Gregor, Isedor Iverson Airport^46.61861^-93.30972^S^AIRP^^^^^US^^United States^North America^MN^Minnesota^Minnesota^001^Aitkin County^Aitkin County^39014^^0^374^371^America/Chicago^-6.0^-5.0^-6.0^2017-05-23^^^^^MN^A^^^63^Minnesota^USD^^^^
^K1B7^^Y^6297427^^Boothville Heliport^Boothville Heliport^29.35^-89.43333^S^AIRH^^^^^US^^United States^North America^LA^Louisiana^Louisiana^^^^^^0^1^-2^America/Chicago^-6.0^-5.0^-6.0^2011-02-16^^^^^LA^H^^^72^Louisiana^USD^^^^
^K1G2^^Y^6297430^^Granite Falls, Granite Falls Municipal Airport/Lenzen-Roe Memorial Field^Granite Falls, Granite Falls Municipal Airport/Lenzen-Roe Memorial Field^44.75306^-95.55583^S^AIRP^^^^^US^^United States^North America^MN^Minnesota^Minnesota^173^Yellow Medicine County^Yellow Medicine County^43180^^0^319^316^America/Chicago^-6.0^-5.0^-6.0^2017-05-23^^^^^MN^A^^^63^Minnesota^USD^^^^
^K20V^^Y^6297450^^Kremmling, Mc Elroy Airfield^Kremmling, Mc Elroy Airfield^40.05361^-106.36889^S^AIRF^^^^^US^^United States^North America^CO^Colorado^Colorado^^^^^^0^2259^2258^America/Denver^-7.0^-6.0^-7.0^2011-02-16^^^^^CO^A^^^82^Colorado^USD^^^^
^K215^^Y^6297451^^Rantoul, Frank Elliott Field Airport^Rantoul, Frank Elliott Field Airport^40.28417^-88.13417^S^AIRP^^^^^US^^United States^North America^IL^Illinois^Illinois^019^Champaign County^Champaign County^62796^^0^225^225^America/Chicago^-6.0^-5.0^-6.0^2017-05-23^^^^^IL^A^^^41^Illinois^USD^^^^
^K27A^^Y^6297462^^Elberton, Elbert County Airport-Patz Field^Elberton, Elbert County Airport-Patz Field^34.095^-82.81583^S^AIRP^^^^^US^^United States^North America^GA^Georgia^Georgia^^^^^^0^184^178^America/New_York^-5.0^-4.0^-5.0^2011-03-22^^^^^GA^A^^^34^Georgia^USD^^^^
^K2GL^^Y^6297478^^Galliano, Galliano Heliport^Galliano, Galliano Heliport^29.41333^-90.29889^S^AIRH^^^^^US^^United States^North America^LA^Louisiana^Louisiana^^^^^^0^2^1^America/Chicago^-6.0^-5.0^-6.0^2011-02-16^^^^^LA^H^^^72^Louisiana^USD^^^^
^K2P3^^Y^6297482^^Paynesville, Paynesville Municipal Airport^Paynesville, Paynesville Municipal Airport^45.37222^-94.74639^S^AIRP^^^^^US^^United States^North America^MN^Minnesota^Minnesota^145^Stearns County^Stearns County^49966^^0^360^359^America/Chicago^-6.0^-5.0^-6.0^2017-05-23^^^^^MN^A^^^63^Minnesota^USD^^^^
^K36U^36U^Y^6297503^^Heber, Heber City Municipal-Russ McDonald Field Airport^Heber, Heber City Municipal-Russ McDonald Field Airport^40.48194^-111.42889^S^AIRP^^^^^US^^United States^North America^UT^Utah^Utah^^^^^^0^1718^1715^America/Denver^-7.0^-6.0^-7.0^2016-01-05^^^^^UT^A^^^87^Utah^USD^^^^
^K37W^^Y^6297505^^Erwin, Harnett County Airport^Erwin, Harnett County Airport^35.37861^-78.73361^S^AIRP^^^^^US^^United States^North America^NC^North Carolina^North Carolina^085^Harnett County^Harnett County^92220^^0^60^59^America/New_York^-5.0^-4.0^-5.0^2017-05-23^^^^^NC^A^^wkdt|Q35255066|^36^North Carolina^USD^^^^
^K3B9^^Y^6297512^^Chester, Chester Airport^Chester, Chester Airport^41.38389^-72.50583^S^AIRP^^^^^US^^United States^North America^CT^Connecticut^Connecticut^007^Middlesex County^Middlesex County^14300^^0^127^119^America/New_York^-5.0^-4.0^-5.0^2017-05-23^^^^^CT^A^^^11^Connecticut^USD^^^^
^K3KM^^Y^6297518^^Wichita, Colonel James Jabara Airport^Wichita, Colonel James Jabara Airport^37.74972^-97.21889^S^AIRP^^^^^US^^United States^North America^KS^Kansas^Kansas^173^Sedgwick County^Sedgwick County^79000^^0^434^431^America/Chicago^-6.0^-5.0^-6.0^2017-05-23^^^^^KS^A^^^62^Kansas^USD^^^^
^K3R1^^Y^6297525^^Bay City, Bay City Municipal Airport^Bay City, Bay City Municipal Airport^28.96667^-95.85^S^AIRP^^^^^US^^United States^North America^TX^Texas^Texas^^^^^^0^14^12^America/Chicago^-6.0^-5.0^-6.0^2011-02-16^^^^^TX^A^^^74^Texas^USD^^^^
^K3T1^^Y^6297529^^Mineola/Quitman, Wood County Airport^Mineola/Quitman, Wood County Airport^32.74194^-95.49639^S^AIRP^^^^^US^^United States^North America^TX^Texas^Texas^^^^^^0^132^131^America/Chicago^-6.0^-5.0^-6.0^2011-02-16^^^^^TX^A^^wkdt|Q35280978|^74^Texas^USD^^^^
^K3V8^^Y^6297532^^Venice Heliport^Venice Heliport^29.11667^-89.2^S^AIRH^^^^^US^^United States^North America^LA^Louisiana^Louisiana^^^^^^0^80^4^America/Chicago^-6.0^-5.0^-6.0^2011-02-16^^^^^LA^H^^^72^Louisiana^USD^^^^
^K4F4^^Y^6297563^^Gilmer, Fox Stephens Field - Gilmer Municipal Airport^Gilmer, Fox Stephens Field - Gilmer Municipal Airport^32.69889^-94.94889^S^AIRP^^^^^US^^United States^North America^TX^Texas^Texas^^^^^^0^127^123^America/Chicago^-6.0^-5.0^-6.0^2011-03-22^^^^^TX^A^^wkdt|Q35260073|^74^Texas^USD^^^^
^K4O4^^Y^6297569^^Idabel, Mc Curtain County Regional Airport^Idabel, Mc Curtain County Regional Airport^33.90917^-94.85917^S^AIRP^^^^^US^^United States^North America^OK^Oklahoma^Oklahoma^^^^^^0^144^142^America/Chicago^-6.0^-5.0^-6.0^2011-02-16^^^^^OK^A^^^73^Oklahoma^USD^^^^
^K4T6^^Y^6297574^^Midlothian/Waxahachie, Mid-Way Regional Airport^Midlothian/Waxahachie, Mid-Way Regional Airport^32.45583^-96.91222^S^AIRP^^^^^US^^United States^North America^TX^Texas^Texas^^^^^^0^217^211^America/Chicago^-6.0^-5.0^-6.0^2011-02-16^^^^^TX^A^^wkdt|Q35280506|^74^Texas^USD^^^^
^K5J0^^Y^6297593^^John Day State Airport^John Day State Airport^44.40417^-118.9625^S^AIRP^^^^^US^^United States^North America^OR^Oregon^Oregon^^^^^^0^1127^1123^America/Los_Angeles^-8.0^-7.0^-8.0^2011-02-16^^^^^OR^A^^^92^Oregon^USD^^^^
^K5T5^^Y^6297598^^Hillsboro, Hillsboro Municipal Airport^Hillsboro, Hillsboro Municipal Airport^32.08333^-97.09722^S^AIRP^^^^^US^^United States^North America^TX^Texas^Texas^^^^^^0^209^207^America/Chicago^-6.0^-5.0^-6.0^2011-02-16^^^^^TX^A^^^74^Texas^USD^^^^
^K5T6^^Y^6297599^^Santa Teresa, Dona Ana County Airport at Santa Teresa^Santa Teresa, Dona Ana County Airport at Santa Teresa^31.88083^-106.70472^S^AIRP^^^^^US^^United States^North America^NM^New Mexico^New Mexico^^^^^^0^1253^1247^America/Denver^-7.0^-6.0^-7.0^2011-02-16^^^^^NM^A^^^86^New Mexico^USD^^^^
^K62H^^Y^6297604^^Giddings, Giddings-Lee County Airport^Giddings, Giddings-Lee County Airport^30.16917^-96.98^S^AIRP^^^^^US^^United States^North America^TX^Texas^Texas^^^^^^0^148^144^America/Chicago^-6.0^-5.0^-6.0^2011-02-16^^^^^TX^A^^^74^Texas^USD^^^^
^K6R6^^Y^6297614^^Dryden, Terrel County Airport^Dryden, Terrel County Airport^30.04806^-102.21306^S^AIRP^^^^^US^^United States^North America^TX^Texas^Texas^^^^^^0^707^701^America/Chicago^-6.0^-5.0^-6.0^2011-02-16^^^^^TX^A^^^74^Texas^USD^^^^
^K79J^^Y^6297624^^Andalusia, Andalusia-Opp Municipal Airport^Andalusia, Andalusia-Opp Municipal Airport^31.3^-86.38333^S^AIRP^^^^^US^^United States^North America^AL^Alabama^Alabama^^^^^^0^94^95^America/Chicago^-6.0^-5.0^-6.0^2017-11-03^^^^^AL^A^https://en.wikipedia.org/wiki/Andalusia-Opp_Airport^^51^Alabama^USD^^^^
^K7F6^^Y^6297630^^Clarksville, Clarksville-Red River County Airport^Clarksville, Clarksville-Red River County Airport^33.59306^-95.06333^S^AIRP^^^^^US^^United States^North America^TX^Texas^Texas^^^^^^0^134^135^America/Chicago^-6.0^-5.0^-6.0^2011-02-16^^^^^TX^A^^^74^Texas^USD^^^^
^K7R5^^Y^6297635^^Cameron Heliport^Cameron Heliport^29.78333^-93.3^S^AIRH^^^^^US^^United States^North America^LA^Louisiana^Louisiana^^^^^^0^1^4^America/Chicago^-6.0^-5.0^-6.0^2011-02-16^^^^^LA^H^^^72^Louisiana^USD^^^^
^K8A0^^Y^6297652^^Albertville, Albertville Municipal Airport^Albertville, Albertville Municipal Airport^34.22889^-86.25556^S^AIRP^^^^^US^^United States^North America^AL^Alabama^Alabama^^^^^^0^315^306^America/Chicago^-6.0^-5.0^-6.0^2011-02-16^^^^^AL^A^^^51^Alabama^USD^^^^
^K8F7^^Y^6297655^^Decatur, Decatur Municipal Airport^Decatur, Decatur Municipal Airport^33.25444^-97.58056^S^AIRP^^^^^US^^United States^North America^TX^Texas^Texas^^^^^^0^319^326^America/Chicago^-6.0^-5.0^-6.0^2011-02-16^^^^^TX^A^^^74^Texas^USD^^^^
^K9L2^^Y^6297686^^Edwards, Edwards Air Force Auxiliary North Base^Edwards, Edwards Air Force Auxiliary North Base^34.98333^-117.85^S^AIRB^^^^^US^^United States^North America^CA^California^California^^^^^^0^701^694^America/Los_Angeles^-8.0^-7.0^-8.0^2011-02-16^^^^^CA^A^^^91^California^USD^^^^
^K9V9^^Y^6297688^^Chamberlain, Chamberlain Municipal Airport^Chamberlain, Chamberlain Municipal Airport^43.76667^-99.31833^S^AIRP^^^^^US^^United States^North America^SD^South Dakota^South Dakota^015^Brule County^Brule County^11220^^0^516^511^America/Chicago^-6.0^-5.0^-6.0^2017-05-23^^^^^SD^A^^^67^South Dakota^USD^^^^
^KC09^^Y^6297918^^Morris, Morris Municipal-James R Washburn Field Airport^Morris, Morris Municipal-James R Washburn Field Airport^41.42528^-88.41861^S^AIRP^^^^^US^^United States^North America^IL^Illinois^Illinois^063^Grundy County^Grundy County^67678^^0^178^173^America/Chicago^-6.0^-5.0^-6.0^2017-05-23^^^^^IL^A^^^41^Illinois^USD^^^^
^KD19^^Y^6298047^^Luverne, Quentin Aanenson Field Airport^Luverne, Quentin Aanenson Field Airport^43.62111^-96.21556^S^AIRP^^^^^US^^United States^North America^MN^Minnesota^Minnesota^133^Rock County^Rock County^38582^^0^436^437^America/Chicago^-6.0^-5.0^-6.0^2017-05-23^^^^^MN^A^^^63^Minnesota^USD^^^^
^KD87^^Y^6298049^^Harbor Springs, Harbor Springs Airport^Harbor Springs, Harbor Springs Airport^45.42556^-84.91333^S^AIRP^^^^^US^^United States^North America^MI^Michigan^Michigan^047^Emmet County^Emmet County^48080^^0^209^205^America/Detroit^-5.0^-4.0^-5.0^2017-05-23^^^^^MI^A^^^43^Michigan^USD^^^^
^KH45^^Y^6298340^^Seminole, Seminole Municipal Airport^Seminole, Seminole Municipal Airport^35.27444^-96.675^S^AIRP^^^^^US^^United States^North America^OK^Oklahoma^Oklahoma^^^^^^0^312^310^America/Chicago^-6.0^-5.0^-6.0^2011-02-16^^^^^OK^A^^^73^Oklahoma^USD^^^^
^KI63^I63^Y^6298423^^Mount Sterling, Mount Sterling Municipal Airport^Mount Sterling, Mount Sterling Municipal Airport^39.9875^-90.80417^S^AIRP^^^^^US^^United States^North America^IL^Illinois^Illinois^009^Brown County^Brown County^42561^^0^223^220^America/Chicago^-6.0^-5.0^-6.0^2017-05-23^^^^^IL^A^^^41^Illinois^USD^^^^
^KM82^^Y^6298602^^Huntsville, Madison County Executive Airport^Huntsville, Madison County Executive Airport^34.86139^-86.55722^S^AIRP^^^^^US^^United States^North America^AL^Alabama^Alabama^^^^^^0^230^220^America/Chicago^-6.0^-5.0^-6.0^2011-02-16^^^^^AL^A^https://en.wikipedia.org/wiki/Madison_County_Executive_Airport^^51^Alabama^USD^^^^
^KM89^^Y^6298603^^Arkadelphia, Dexter B Florence Memorial Field Airport^Arkadelphia, Dexter B Florence Memorial Field Airport^34.09972^-93.06611^S^AIRP^^^^^US^^United States^North America^AR^Arkansas^Arkansas^019^Clark County^Clark County^90591^^0^56^60^America/Chicago^-6.0^-5.0^-6.0^2017-05-23^^^^^AR^A^^^71^Arkansas^USD^^^^
^KS88^^Y^6299035^^Skykomish, Skykomish State Airport^Skykomish, Skykomish State Airport^47.7^-121.33333^S^AIRP^^^^^US^^United States^North America^WA^Washington^Washington^^^^^^0^304^661^America/Los_Angeles^-8.0^-7.0^-8.0^2011-02-16^^^^^WA^A^^^93^Washington^USD^^^^
^KU42^^Y^6299211^^Salt Lake City, Salt Lake City Municipal 2 Airport^Salt Lake City, Salt Lake City Municipal 2 Airport^40.61944^-111.99278^S^AIRP^^^^^US^^United States^North America^UT^Utah^Utah^^^^^^0^1403^1407^America/Denver^-7.0^-6.0^-7.0^2011-02-16^^^^^UT^A^^^87^Utah^USD^^^^
^KU59^^Y^6299212^^Driggs, Driggs-Reed Memorial Airport^Driggs, Driggs-Reed Memorial Airport^43.74167^-111.09778^S^AIRP^^^^^US^^United States^North America^ID^Idaho^Idaho^^^^^^0^1898^1886^America/Boise^-7.0^-6.0^-7.0^2011-02-16^^^^^ID^A^https://en.wikipedia.org/wiki/Driggs-Reed_Memorial_Airport^^83^Idaho^USD^^^^
^KW08^^Y^6299263^^Weirwood / Campbell Field Airport^Weirwood / Campbell Field Airport^37.46036^-75.8783^S^AIRP^^^^^US^^United States^North America^VA^Virginia^Virginia^^^^^^0^12^10^America/New_York^-5.0^-4.0^-5.0^2011-03-22^^^^^VA^A^^^38^Virginia^USD^^^^
^KW77^^Y^6299271^^Sanford, Sanford-Lee County Brick Field Airport^Sanford, Sanford-Lee County Brick Field Airport^35.43333^-79.18333^S^AIRP^^^^^US^^United States^North America^NC^North Carolina^North Carolina^^^^^^0^131^129^America/New_York^-5.0^-4.0^-5.0^2011-03-22^^^^^NC^A^^^36^North Carolina^USD^^^^
^K3D4^^Y^6301566^^Frankfort, Frankfort Dow Memorial Field Airport^Frankfort, Frankfort Dow Memorial Field Airport^44.625^-86.20056^S^AIRP^^^^^US^^United States^North America^MI^Michigan^Michigan^019^Benzie County^Benzie County^19180^^0^193^184^America/Detroit^-5.0^-4.0^-5.0^2017-05-23^^^^^MI^A^https://en.wikipedia.org/wiki/Frankfort_Dow_Memorial_Field^^43^Michigan^USD^^^^
^K7R1^^Y^6301569^^Venice, Venice Heliport^Venice, Venice Heliport^29.26278^-89.36333^S^AIRH^^^^^US^^United States^North America^LA^Louisiana^Louisiana^^^^^^0^0^2^America/Chicago^-6.0^-5.0^-6.0^2011-02-16^^^^^LA^H^^^72^Louisiana^USD^^^^
^KL42^^Y^6301629^^Oakdale, Allen Parish Airport^Oakdale, Allen Parish Airport^30.75056^-92.68861^S^AIRP^^^^^US^^United States^North America^LA^Louisiana^Louisiana^^^^^^0^33^31^America/Chicago^-6.0^-5.0^-6.0^2006-10-29^^^^^LA^A^^^72^Louisiana^USD^^^^
^KN67^^Y^6301657^^Philadelphia, Wings Field Airport^Philadelphia, Wings Field Airport^40.1375^-75.265^S^AIRP^^^^^US^^United States^North America^PA^Pennsylvania^Pennsylvania^091^Montgomery County^Montgomery County^84888^^0^92^85^America/New_York^-5.0^-4.0^-5.0^2017-05-23^^^^^PA^A^^^23^Pennsylvania^USD^^^^
^KT18^^Y^6301730^^Falfurrias, Brooks County Airport^Falfurrias, Brooks County Airport^27.20667^-98.12111^S^AIRP^^^^^US^^United States^North America^TX^Texas^Texas^^^^^^0^34^33^America/Chicago^-6.0^-5.0^-6.0^2006-10-29^^^^^TX^A^^^74^Texas^USD^^^^
^KT53^^Y^6301731^^Robstown, Nueces County Airport^Robstown, Nueces County Airport^27.77833^-97.69028^S^AIRP^^^^^US^^United States^North America^TX^Texas^Texas^^^^^^0^24^26^America/Chicago^-6.0^-5.0^-6.0^2006-10-29^^^^^TX^A^^^74^Texas^USD^^^^
^KT56^^Y^6301732^^Crockett, Houston County Airport^Crockett, Houston County Airport^31.30694^-95.40361^S^AIRP^^^^^US^^United States^North America^TX^Texas^Texas^^^^^^0^106^104^America/Chicago^-6.0^-5.0^-6.0^2006-10-29^^^^^TX^A^^^74^Texas^USD^^^^
^KT97^^Y^6301733^^Port Lavaca, Calhoun County Airport^Port Lavaca, Calhoun County Airport^28.65389^-96.68111^S^AIRP^^^^^US^^United States^North America^TX^Texas^Texas^^^^^^0^9^10^America/Chicago^-6.0^-5.0^-6.0^2006-10-29^^^^^TX^A^^^74^Texas^USD^^^^
^KW11^^Y^6301748^^Menomonie, Menomonie Municipal Airport-Score Field^Menomonie, Menomonie Municipal Airport-Score Field^44.89222^-91.86778^S^AIRP^^^^^US^^United States^North America^WI^Wisconsin^Wisconsin^033^Dunn County^Dunn County^51025^^0^273^265^America/Chicago^-6.0^-5.0^-6.0^2017-05-23^^^^^WI^A^^^45^Wisconsin^USD^^^^
^LF52^^Y^6930718^^Chambley^Chambley^49.02549^5.87648^S^AIRQ^^^^^FR^^France^Europe^44^Grand Est^Grand Est^54^Meurthe et Moselle^Meurthe et Moselle^541^54244^0^^252^Europe/Paris^1.0^2.0^1.0^2016-02-21^^^^^GES^A^^^427^France^EUR^^^^
^CEE7^^Y^7730445^^Edmonton/Cooking Lake Airport^Edmonton/Cooking Lake Airport^53.42569^-113.11001^S^AIRP^^^^^CA^^Canada^North America^01^Alberta^Alberta^^^^^^0^^736^America/Edmonton^-7.0^-6.0^-7.0^2013-06-13^^^^^AB^A^https://en.wikipedia.org/wiki/Edmonton%2FCooking_Lake_Airport^|Edmonton/Cooking Lake Seaplane Base|^916^Alberta^CAD^^^^
^36NC^^Y^8115094^^Greensboro North Airport^Greensboro North Airport^36.25289^-79.91703^S^AIRP^^^^^US^^United States^North America^NC^North Carolina^North Carolina^081^Guilford County^Guilford County^90396^^0^274^272^America/New_York^-5.0^-4.0^-5.0^2017-05-23^^^^^NC^A^https://en.wikipedia.org/wiki/Greensboro_North_Airport^^36^North Carolina^USD^^^^
^VNT1^^Y^8425999^^Talcha Airport^Talcha Airport^29.52164^82.14666^S^AIRP^^^^^NP^^Nepal^Asia^6^Karnali Pradesh^Karnali Pradesh^12095493^Mugu^Mugu^12095627^^0^^2722^Asia/Kathmandu^5.75^5.75^5.75^2019-10-19^^^^^^A^https://en.wikipedia.org/wiki/Talcha_Airport^wkdt|Q7679077|^755^Nepal^NPR^^^^
^VA1K^^Y^8433337^^Raedhanpur^Raedhanpur^23.22184^68.89196^S^AIRF^^^^^IN^^India^Asia^09^Gujarat^Gujarat^468^Kachchh^Kachchh^^^0^^42^Asia/Kolkata^5.5^5.5^5.5^2017-11-09^^^^^GJ^A^^|Raedhanpur|^733^India^INR^^^^
^VI20^^Y^8440935^^Bhilwara^Bhilwara^28.07443^76.20529^S^AIRF^^^^^IN^^India^Asia^24^Rajasthan^Rajasthan^^^^^^0^^298^Asia/Kolkata^5.5^5.5^5.5^2017-11-09^^^^^RJ^A^^|Bhilwara|^733^India^INR^^^^
^VI73^^Y^8440949^^Nagaur^Nagaur^27.20812^73.71107^S^AIRF^^^^^IN^^India^Asia^24^Rajasthan^Rajasthan^112^Nāgaur^Nagaur^^^0^^292^Asia/Kolkata^5.5^5.5^5.5^2017-11-09^^^^^RJ^A^^|Nagaur|^733^India^INR^^^^
^VA1C^^Y^8458409^^Birlagram^Birlagram^23.44563^75.42039^S^AIRP^^^^^IN^^India^Asia^35^Madhya Pradesh^Madhya Pradesh^435^Ujjain^Ujjain^^^0^^471^Asia/Kolkata^5.5^5.5^5.5^2017-11-09^^^^^MP^A^^|Birlagram|=wkdt|Q26795356|^733^India^INR^^^^
^VA2D^^Y^8458490^^Ratlam^Ratlam^23.38206^75.02484^S^AIRP^^^^^IN^^India^Asia^35^Madhya Pradesh^Madhya Pradesh^434^Ratlām^Ratlam^^^0^^514^Asia/Kolkata^5.5^5.5^5.5^2017-11-09^^^^^MP^A^^|Ratlam|^733^India^INR^^^^
^VA53^^Y^8477307^^Dhule Airport^Dhule Airport^20.92637^74.73832^S^AIRP^^^^^IN^^India^Asia^16^Maharashtra^Maharashtra^498^Dhule^Dhule^^^0^^277^Asia/Kolkata^5.5^5.5^5.5^2014-10-13^^^^^MH^A^https://en.wikipedia.org/wiki/Dhule_Airport^^733^India^INR^^^^
^VA47^^Y^8477328^^Jalgaon^Jalgaon^20.96257^75.62792^S^AIRP^^^^^IN^^India^Asia^16^Maharashtra^Maharashtra^499^Jalgaon^Jalgaon^^^0^^246^Asia/Kolkata^5.5^5.5^5.5^2017-11-09^^^^^MH^A^^|Jalgaon|^733^India^INR^^^^
^CFF8^^Y^8521635^^Bakers Narrows Seaplane Base^Bakers Narrows Seaplane Base^54.67845^-101.65941^H^AIRS^^^^^CA^^Canada^North America^03^Manitoba^Manitoba^^^^^^0^^292^America/Winnipeg^-6.0^-5.0^-6.0^2017-11-03^^^^^MB^A^https://en.wikipedia.org/wiki/Flin_Flon/Bakers_Narrows_Water_Aerodrome^en|Bakers Narrows Seaplane Base|=en|Bakers Narrows SPB|s=en|Bakers Narrows Waterdrome|^926^Manitoba^CAD^^^^
^MM23^^Y^8521738^^Rancho Santa Inés Airstrip^Rancho Santa Ines Airstrip^29.72641^-114.70083^S^AIRF^^^^^MX^^Mexico^North America^02^Baja California^Baja California^001^Ensenada^Ensenada^^^0^^568^America/Tijuana^-8.0^-7.0^-8.0^2016-04-08^^^^^BCN^A^https://en.wikipedia.org/wiki/Rancho_Santa_In%C3%A9s_Airstrip^en|Cataviña Airstrip|=en|Rancho Santa Inés Airstrip|^148^Mexico^MXN^^^^
^LY87^^Y^8531857^^Kovin Airport^Kovin Airport^44.77458^20.96166^S^AIRP^^^^^RS^^Serbia^Europe^VO^Vojvodina^Vojvodina^4^South Banat^South Banat^80225^^0^^76^Europe/Belgrade^1.0^2.0^1.0^2020-01-28^^^^^^A^https://en.wikipedia.org/wiki/Kovin_Airport^sr|Aerodrom Kovin|^480^Serbia^RSD^^^^
^VV03^^Y^8531913^^Kien An Airport^Kien An Airport^20.80458^106.60592^S^AIRP^^^^^VN^^Vietnam^Asia^13^Haiphong^Haiphong^^^^^^0^^5^Asia/Ho_Chi_Minh^7.0^7.0^7.0^2013-06-15^^^^^HP^A^https://en.wikipedia.org/wiki/Kien_An_Airport^vi|Sân bay Kiến An|^791^Vietnam^VND^^^^
^CJA8^^Y^8531918^^Deer Lake Seaplane Base^Deer Lake Seaplane Base^52.61696^-94.04486^H^AIRS^^^^^CA^^Canada^North America^08^Ontario^Ontario^^^^^^0^^307^America/Winnipeg^-6.0^-5.0^-6.0^2017-10-28^^^^^ON^A^^en|Deer Lake Seaplane Base|=en|Deer Lake SPB|s^936^Ontario^CAD^^^^
^X2RT^^Y^8531966^^Ramsgate Airport^Ramsgate Airport^51.35353^1.4132^S^AIRP^^^^^GB^^United Kingdom^Europe^ENG^England^England^G5^Kent^Kent^2636057^29UN003^0^^49^Europe/London^0.0^1.0^0.0^2013-07-11^^^^^ENG^A^https://en.wikipedia.org/wiki/Ramsgate_Airport^wkdt|Q7290266|^493^United Kingdom^GBP^^^^
^VI25^^Y^8531967^^Faizabad Airport^Faizabad Airport^26.75144^82.15482^S^AIRP^^^^^IN^^India^Asia^36^Uttar Pradesh^Uttar Pradesh^177^Faizābād^Faizabad^^^0^^103^Asia/Kolkata^5.5^5.5^5.5^2014-10-14^^^^^UP^A^https://en.wikipedia.org/wiki/Faizabad_Airport^wkdt|Q5431355|^733^India^INR^^^^
^VI90^^Y^8531998^^Akbarpur Airport^Akbarpur Airport^26.44718^82.56852^S^AIRF^^^^^IN^^India^Asia^36^Uttar Pradesh^Uttar Pradesh^178^Ambedkar Nagar^Ambedkar Nagar^^^0^^90^Asia/Kolkata^5.5^5.5^5.5^2014-10-14^^^^^UP^A^https://en.wikipedia.org/wiki/Akbarpur_Airport^^733^India^INR^^^^
^CNC3^^Y^8532024^^Brampton Airport^Brampton Airport^43.75912^-79.87427^S^AIRP^^^^^CA^^Canada^North America^08^Ontario^Ontario^^^^^^0^^280^America/Toronto^-5.0^-4.0^-5.0^2013-05-27^^^^^ON^A^https://en.wikipedia.org/wiki/Brampton_Airport^wkdt|Q3813619|^936^Ontario^CAD^^^^
^VA2C^^Y^8533127^^Gondia Airport^Gondia Airport^21.52483^80.28843^S^AIRP^^^^^IN^^India^Asia^16^Maharashtra^Maharashtra^507^Gondiya^Gondiya^^^0^^307^Asia/Kolkata^5.5^5.5^5.5^2014-10-13^^^^^MH^A^https://en.wikipedia.org/wiki/Gondia_Airport^wkdt|Q3914449|^733^India^INR^^^^
^VI2B^^Y^8533128^^Meerut Airport^Meerut Airport^28.90484^77.67748^S^AIRP^^^^^IN^^India^Asia^36^Uttar Pradesh^Uttar Pradesh^138^Meerut^Meerut^^^0^^219^Asia/Kolkata^5.5^5.5^5.5^2014-10-14^^^^^UP^A^https://en.wikipedia.org/wiki/Meerut_Airport^|B.R. Ambedkar Airport|=wkdt|Q649404|^733^India^INR^^^^
^VI1D^^Y^8533156^^Muirpur Airport^Muirpur Airport^24.12498^83.03771^S^AIRP^^^^^IN^^India^Asia^36^Uttar Pradesh^Uttar Pradesh^200^Sonbhadra^Sonbhadra^^^0^^348^Asia/Kolkata^5.5^5.5^5.5^2014-10-14^^^^^UP^A^https://en.wikipedia.org/wiki/Muirpur_Airport^^733^India^INR^^^^
^LW74^^Y^8533162^^Logovardi Airport^Logovardi Airport^41.02354^21.42529^S^AIRP^^^^^MK^^North Macedonia^Europe^^^^^^^^^0^^575^Europe/Skopje^1.0^2.0^1.0^2013-06-01^^^^^^A^https://en.wikipedia.org/wiki/Logovardi_Airport^mk|Аеродром Логоварди|=wkdt|Q1024665|^455^Macedonia^MKD^^^^
^LG54^^Y^8533838^^Tympaki Airport^Tympaki Airport^35.06337^24.76614^S^AIRP^^^^^GR^^Greece^Europe^ESYE43^^^45^^^9308^^0^^9^Europe/Athens^2.0^3.0^2.0^2013-06-05^^^^^^A^https://en.wikipedia.org/wiki/Tympaki_Airport^el|Αεροδρόμιο Τυμπακίου|=wkdt|Q1433916|^433^Greece^EUR^^^^
^VA1B^^Y^8533850^^Chandrapur Airport^Chandrapur Airport^19.99438^79.22252^S^AIRP^^^^^IN^^India^Asia^16^Maharashtra^Maharashtra^509^Chandrapur^Chandrapur^^^0^^204^Asia/Kolkata^5.5^5.5^5.5^2014-10-13^^^^^MH^A^https://en.wikipedia.org/wiki/Chandrapur_Airport^wkdt|Q5071434|^733^India^INR^^^^
^MM35^^Y^8555621^^Santa Barbara Regional Airport^Santa Barbara Regional Airport^17.57326^-99.51515^S^AIRP^^^^^MX^^Mexico^North America^12^Guerrero^Guerrero^029^Chilpancingo de los Bravo^Chilpancingo de los Bravo^^^0^^1272^America/Mexico_City^-6.0^-5.0^-6.0^2015-06-22^^^^^GRO^A^https://en.wikipedia.org/wiki/Santa_Barbara_Regional_Airport^^148^Mexico^MXN^^^^
^VO52^^Y^8555630^^Harihar Airport^Harihar Airport^14.53503^75.78863^S^AIRP^^^^^IN^^India^Asia^19^Karnataka^Karnataka^564^Haveri^Haveri^^^0^^540^Asia/Kolkata^5.5^5.5^5.5^2014-10-14^^^^^KA^A^https://en.wikipedia.org/wiki/Harihar_Airport^^733^India^INR^^^^
^OP25^^Y^8555663^^Gurha Salim Airport^Gurha Salim Airport^32.87851^73.60462^S^AIRP^^^^^PK^^Pakistan^Asia^04^Punjab^Punjab^1175862^Jhelum District^Jhelum District^^^0^^231^Asia/Karachi^5.0^5.0^5.0^2019-12-06^^^^^PB^A^https://en.wikipedia.org/wiki/Gurha_Salim_Airport^^764^Pakistan^PKR^^^^
^UB0G^^Y^8555665^^Belokany Airport^Belokany Airport^41.73148^46.35818^S^AIRP^^^^^AZ^^Azerbaijan^Asia^^^^^^^^^0^^294^Asia/Baku^4.0^4.0^4.0^2013-06-13^^^^^^A^https://en.wikipedia.org/wiki/Belokany_Airport^|Balakən|=|Balakän|^407^Azerbaijan^AZN^^^^
^VI00^^Y^8555683^^Chitrakoot Airport^Chitrakoot Airport^25.16766^80.93551^S^AIRP^^^^^IN^^India^Asia^36^Uttar Pradesh^Uttar Pradesh^171^Chitrakoot^Chitrakoot^^^0^^301^Asia/Kolkata^5.5^5.5^5.5^2014-10-14^^^^^UP^A^https://en.wikipedia.org/wiki/Chitrakoot_Airport^hi|चित्रकूट एयरपोर्ट|^733^India^INR^^^^
^VE23^^Y^8555769^^Burnpur Airport^Burnpur Airport^23.63123^86.97584^S^AIRP^^^^^IN^^India^Asia^28^West Bengal^West Bengal^335^Barddhamān^Barddhaman^^^0^^96^Asia/Kolkata^5.5^5.5^5.5^2014-10-14^^^^^WB^A^https://en.wikipedia.org/wiki/Burnpur_Airport^wkdt|Q3813535|^733^India^INR^^^^
^OS67^^Y^8989443^^Mezzeh Military Airport^Mezzeh Military Airport^33.47789^36.22024^S^AIRP^^^^^SY^^Syria^Asia^13^Dimashq^Dimashq^^^^^^0^^728^Asia/Damascus^2.0^3.0^2.0^2014-04-26^^^^^^A^https://en.wikipedia.org/wiki/Mezzeh_Military_Airport^en|Mazzeh Military Airport|^676^Syria^SYP^^^^
^CPT2^^Y^9072700^^Killarney Airport^Killarney Airport^45.97719^-81.49598^S^AIRP^^^^^CA^^Canada^North America^08^Ontario^Ontario^3552^Sudbury^Sudbury^^^0^^182^America/Toronto^-5.0^-4.0^-5.0^2018-01-20^^^^^ON^A^https://en.wikipedia.org/wiki/Killarney_Airport^^936^Ontario^CAD^^^^
^SA35^^Y^9883045^^Andalgala Airport^Andalgala Airport^-27.62818^-66.3424^S^AIRP^^^^^AR^^Argentina^South America^02^Catamarca^Catamarca^10021^Departamento de Andalgalá^Departamento de Andalgala^^^0^^933^America/Argentina/Catamarca^-3.0^-3.0^-3.0^2016-01-30^^^^^K^A^^wkdt|Q21847797|^303^Argentina^ARS^^^^
^RJ01^^Y^11357835^^Akasaka Press Center Heliport^Akasaka Press Center Heliport^35.66333^139.72556^S^AIRH^^^^^JP^^Japan^Asia^40^Tokyo^Tokyo^1857091^Minato-ku^Minato-ku^^^0^^34^Asia/Tokyo^9.0^9.0^9.0^2017-10-28^^^^^^H^^en|Akasaka Press Center Heliport|^736^Japan^JPY^^^^
^RJ02^^Y^11357848^^North Pier Yokohama Heliport^North Pier Yokohama Heliport^35.45528^139.645^S^AIRH^^^^^JP^^Japan^Asia^19^Kanagawa^Kanagawa^1848350^Yokohama Shi^Yokohama Shi^14104^^0^^1^Asia/Tokyo^9.0^9.0^9.0^2017-10-28^^^^^^H^^en|North Pier Yokohama Heliport|^736^Japan^JPY^^^^
^RJ03^^Y^11357853^^Sagami Depot Heliport^Sagami Depot Heliport^35.58556^139.37833^S^AIRH^^^^^JP^^Japan^Asia^19^Kanagawa^Kanagawa^1853293^Sagamihara-shi^Sagamihara-shi^14152^^0^^126^Asia/Tokyo^9.0^9.0^9.0^2017-10-28^^^^^^H^^en|Sagami Depot Heliport|^736^Japan^JPY^^^^
^RJ04^^Y^11357854^^Shikabe^Shikabe^42.045^140.79306^S^AIRP^^^^^JP^^Japan^Asia^12^Hokkaido^Hokkaido^2129597^Kayabe-gun^Kayabe-gun^01343^^0^^14^Asia/Tokyo^9.0^9.0^9.0^2017-10-28^^^^^^A^^en|Shikabe|=|Shikabe Hikōjō|=ja|鹿部飛行場|=ja|しかべひこうじょう|=ja|シカベヒコウジョウ|=wkdt|Q35301665|^736^Japan^JPY^^^^
^RO04^^Y^11357857^^White Beach Helipad CFAO^White Beach Helipad CFAO^26.30167^127.91028^S^AIRH^^^^^JP^^Japan^Asia^47^Okinawa^Okinawa^7415821^Uruma Shi^Uruma Shi^^^0^^9^Asia/Tokyo^9.0^9.0^9.0^2017-10-28^^^^^^H^^en|White Beach Helipad CFAO|^736^Japan^JPY^^^^
^WB05^^Y^11427324^^Zav'yalovka Airport^Zav'yalovka Airport^53.58139^52.58^S^AIRF^^^^^RU^^Russia^Europe^55^Orenburg Oblast^Orenburg Oblast^^^^^^0^81^80^Asia/Yekaterinburg^5.0^5.0^5.0^2017-01-09^^^^^ORE^A^^^475^Russia (European Part)^RUB^^^^
^UT1O^^Y^11457182^^Beleuli North^Beleuli North^44.05425^57.54815^S^AIRF^^^^^UZ^^Uzbekistan^Asia^09^Karakalpakstan^Karakalpakstan^^^^^^0^^128^Asia/Samarkand^5.0^5.0^5.0^2017-10-28^^^^^^A^^en|Beleuli North|^788^Uzbekistan^UZS^^^^
^UT77^^Y^11457183^^Kungrad^Kungrad^43.08299^58.88418^S^AIRF^^^^^UZ^^Uzbekistan^Asia^09^Karakalpakstan^Karakalpakstan^^^^^^0^^58^Asia/Samarkand^5.0^5.0^5.0^2017-10-28^^^^^^A^^en|Kungrad|^788^Uzbekistan^UZS^^^^
^UT1Q^^Y^11457205^^Pakhtakor^Pakhtakor^40.25245^67.91069^S^AIRB^^^^^UZ^^Uzbekistan^Asia^15^Jizzax^Jizzax^^^^^^0^^316^Asia/Samarkand^5.0^5.0^5.0^2017-10-28^^^^^^A^^en|Pakhtakor|^788^Uzbekistan^UZS^^^^
^UT1M^^Y^11457215^^Kakaydy^Kakaydy^37.62363^67.51756^S^AIRF^^^^^UZ^^Uzbekistan^Asia^12^Surxondaryo^Surxondaryo^^^^^^0^^378^Asia/Samarkand^5.0^5.0^5.0^2017-10-28^^^^^^A^https://en.wikipedia.org/wiki/Kakaydy^en|Kakaydy|^788^Uzbekistan^UZS^^^^
^UT1N^^Y^11457232^^Karshi South^Karshi South^38.80231^65.77316^S^AIRP^^^^^UZ^^Uzbekistan^Asia^08^Qashqadaryo^Qashqadaryo^^^^^^0^^375^Asia/Samarkand^5.0^5.0^5.0^2017-10-28^^^^^^A^^en|Karshi South|^788^Uzbekistan^UZS^^^^
^UT1P^^Y^11457234^^Kagan South^Kagan South^39.68695^64.54829^S^AIRF^^^^^UZ^^Uzbekistan^Asia^02^Bukhara^Bukhara^^^^^^0^^214^Asia/Samarkand^5.0^5.0^5.0^2017-10-28^^^^^^A^^en|Kagan South|^788^Uzbekistan^UZS^^^^
^UT73^^Y^11457236^^Maymanak^Maymanak^39.13828^65.16363^S^AIRQ^^^^^UZ^^Uzbekistan^Asia^08^Qashqadaryo^Qashqadaryo^^^^^^0^^296^Asia/Samarkand^5.0^5.0^5.0^2017-10-28^^^^^^A^^en|Maymanak|^788^Uzbekistan^UZS^^^^
^UHB1^^Y^11459272^^Birofeld Northwest^Birofeld Northwest^48.46099^132.65858^S^AIRQ^^^^^RU^^Russia^Europe^89^Jewish Autonomous Oblast^Jewish Autonomous Oblast^^^^^^0^^85^Asia/Vladivostok^10.0^10.0^10.0^2017-11-03^^^^^YEV^A^^en|Birofeld Northwest|^770^Russia (Asian Part)^RUB^^^^
^UHK1^^Y^11459282^^Khabarovsk Blagodatnoye^Khabarovsk Blagodatnoye^48.40745^135.41189^S^AIRF^^^^^RU^^Russia^Europe^30^Khabarovsk^Khabarovsk^^^^^^0^^49^Asia/Vladivostok^10.0^10.0^10.0^2017-11-03^^^^^KHA^A^^en|Khabarovsk Blagodatnoye|^770^Russia (Asian Part)^RUB^^^^
^UA36^^Y^11473943^^Lugovoy^Lugovoy^42.9728^72.72794^S^AIRB^^^^^KZ^^Kazakhstan^Asia^17^Zhambyl^Zhambyl^^^^^^0^^681^Asia/Almaty^6.0^6.0^6.0^2017-10-28^^^^^^A^^en|Lugovoy|^738^Kazakhstan^KZT^^^^
^UA34^^Y^11473947^^Chardara^Chardara^41.27647^67.97096^S^AIRF^^^^^KZ^^Kazakhstan^Asia^10^South Kazakhstan^South Kazakhstan^^^^^^0^^235^Asia/Almaty^6.0^6.0^6.0^2017-10-28^^^^^^A^^en|Chardara|^738^Kazakhstan^KZT^^^^
^LL1B^^Y^11483594^^Arad^Arad^31.2298^35.18978^S^AIRF^^^^^IL^^Israel^Asia^00^^^^^^^^0^^590^Asia/Jerusalem^2.0^3.0^2.0^2017-10-28^^^^^^A^^en|Arad|^636^Israel^ILS^^^^
^UG0U^^Y^11500130^^Gudauta^Gudauta^43.10411^40.57916^S^AIRB^^^^^GE^^Georgia^Asia^02^Abkhazia^Abkhazia^^^^^^0^^12^Asia/Tbilisi^4.0^4.0^4.0^2017-11-03^^^^^^A^^en|Gudauta|^432^Georgia^GEL^^^^
^LB42^^Y^11500146^^Kamenets^Kamenets^43.32733^25.00345^S^AIRQ^^^^^BG^^Bulgaria^Europe^50^Pleven^Pleven^^^^^^0^^121^Europe/Sofia^2.0^3.0^2.0^2017-10-28^^^^^^A^^en|Kamenets|^411^Bulgaria^BGN^^^^
^LD57^^Y^11500247^^Sepurine Training Base^Sepurine Training Base^44.20999^15.16327^S^AIRF^^^^^HR^^Croatia^Europe^19^Zadarska^Zadarska^^^^^^0^^12^Europe/Zagreb^1.0^2.0^1.0^2017-10-28^^^^^^A^^en|Sepurine Training Base|^415^Croatia^HRK^^^^
^RK1D^^Y^11506270^^C 106 Heliport^C 106 Heliport^37.6234^126.64361^S^AIRH^^^^^KR^^South Korea^Asia^00^^^^^^^^0^^39^Asia/Seoul^9.0^9.0^9.0^2017-11-10^^^^^^H^^|C 106 Heliport|^778^South Korea^KRW^^^^
^RK1E^^Y^11506271^^C 109 Heliport^C 109 Heliport^37.74896^126.92954^S^AIRH^^^^^KR^^South Korea^Asia^00^^^^^^^^0^^548^Asia/Seoul^9.0^9.0^9.0^2017-11-10^^^^^^H^^|C 109 Heliport|^778^South Korea^KRW^^^^
^RK1K^^Y^11506272^^C 123 Heliport^C 123 Heliport^37.89386^126.72423^S^AIRH^^^^^KR^^South Korea^Asia^00^^^^^^^^0^^30^Asia/Seoul^9.0^9.0^9.0^2017-11-10^^^^^^H^^|C 123 Heliport|^778^South Korea^KRW^^^^
^RK1L^^Y^11506273^^C 126 Heliport^C 126 Heliport^37.92447^126.79297^S^AIRH^^^^^KR^^South Korea^Asia^00^^^^^^^^0^^19^Asia/Seoul^9.0^9.0^9.0^2017-11-10^^^^^^H^^|C 126 Heliport|^778^South Korea^KRW^^^^
^RK1M^^Y^11506274^^C 132 Heliport^C 132 Heliport^37.36757^126.77891^S^AIRH^^^^^KR^^South Korea^Asia^00^^^^^^^^0^^104^Asia/Seoul^9.0^9.0^9.0^2017-11-10^^^^^^H^^|C 132 Heliport|^778^South Korea^KRW^^^^
^RK1N^^Y^11506275^^C 135 Heliport^C 135 Heliport^37.62309^126.7036^S^AIRH^^^^^KR^^South Korea^Asia^00^^^^^^^^0^^54^Asia/Seoul^9.0^9.0^9.0^2017-11-10^^^^^^H^^|C 135 Heliport|^778^South Korea^KRW^^^^
^RK1O^^Y^11506276^^C 137 Heliport^C 137 Heliport^37.84068^126.93903^S^AIRH^^^^^KR^^South Korea^Asia^00^^^^^^^^0^^366^Asia/Seoul^9.0^9.0^9.0^2017-11-10^^^^^^H^^|C 137 Heliport|^778^South Korea^KRW^^^^
^RK1Q^^Y^11506277^^C 143 Heliport^C 143 Heliport^37.46247^126.89306^S^AIRH^^^^^KR^^South Korea^Asia^00^^^^^^^^0^^31^Asia/Seoul^9.0^9.0^9.0^2017-11-10^^^^^^H^^|C 143 Heliport|^778^South Korea^KRW^^^^
^RK6V^^Y^11506278^^C 145 Heliport^C 145 Heliport^37.41473^126.82619^S^AIRH^^^^^KR^^South Korea^Asia^00^^^^^^^^0^^49^Asia/Seoul^9.0^9.0^9.0^2017-11-10^^^^^^H^^|C 145 Heliport|^778^South Korea^KRW^^^^
^RK70^^Y^11506280^^C 150 Heliport^C 150 Heliport^37.47209^126.74819^S^AIRH^^^^^KR^^South Korea^Asia^00^^^^^^^^0^^35^Asia/Seoul^9.0^9.0^9.0^2017-11-10^^^^^^H^^|C 150 Heliport|^778^South Korea^KRW^^^^
^RK1V^^Y^11506282^^C 157 Heliport^C 157 Heliport^37.72212^126.90965^S^AIRH^^^^^KR^^South Korea^Asia^00^^^^^^^^0^^151^Asia/Seoul^9.0^9.0^9.0^2017-11-10^^^^^^H^^|C 157 Heliport|^778^South Korea^KRW^^^^
^RK2D^^Y^11506285^^C 184 Heliport^C 184 Heliport^37.67289^126.16329^S^AIRH^^^^^KR^^South Korea^Asia^00^^^^^^^^0^^75^Asia/Seoul^9.0^9.0^9.0^2017-11-10^^^^^^H^^|C 184 Heliport|^778^South Korea^KRW^^^^
^RK64^^Y^11506286^^C 187 Heliport^C 187 Heliport^37.41754^126.94508^S^AIRH^^^^^KR^^South Korea^Asia^00^^^^^^^^0^^92^Asia/Seoul^9.0^9.0^9.0^2017-11-10^^^^^^H^^|C 187 Heliport|^778^South Korea^KRW^^^^
^RK2J^^Y^11506287^^C 190 Heliport^C 190 Heliport^37.91135^126.81015^S^AIRH^^^^^KR^^South Korea^Asia^00^^^^^^^^0^^159^Asia/Seoul^9.0^9.0^9.0^2017-11-10^^^^^^H^^|C 190 Heliport|^778^South Korea^KRW^^^^
^RK2K^^Y^11506288^^C 191 Heliport^C 191 Heliport^37.90872^126.71204^S^AIRH^^^^^KR^^South Korea^Asia^00^^^^^^^^0^^19^Asia/Seoul^9.0^9.0^9.0^2017-11-10^^^^^^H^^|C 191 Heliport|^778^South Korea^KRW^^^^
^RK2L^^Y^11506289^^C 192 Heliport^C 192 Heliport^37.68376^126.79784^S^AIRH^^^^^KR^^South Korea^Asia^00^^^^^^^^0^^58^Asia/Seoul^9.0^9.0^9.0^2017-11-10^^^^^^H^^|C 192 Heliport|^778^South Korea^KRW^^^^
^RKA9^^Y^11506290^^C 193 Heliport^C 193 Heliport^37.54514^126.82364^S^AIRH^^^^^KR^^South Korea^Asia^00^^^^^^^^0^^33^Asia/Seoul^9.0^9.0^9.0^2017-11-10^^^^^^H^^|C 193 Heliport|^778^South Korea^KRW^^^^
^RKB1^^Y^11506291^^C 194 Heliport^C 194 Heliport^37.53256^126.69067^S^AIRH^^^^^KR^^South Korea^Asia^00^^^^^^^^0^^70^Asia/Seoul^9.0^9.0^9.0^2017-11-10^^^^^^H^^|C 194 Heliport|^778^South Korea^KRW^^^^
^RKB2^^Y^11506292^^C 195 Heliport^C 195 Heliport^37.30366^126.79244^S^AIRH^^^^^KR^^South Korea^Asia^00^^^^^^^^0^^61^Asia/Seoul^9.0^9.0^9.0^2017-11-10^^^^^^H^^|C 195 Heliport|^778^South Korea^KRW^^^^
^RK6W^^Y^11506293^^C 201 Heliport^C 201 Heliport^37.39238^127.15144^S^AIRH^^^^^KR^^South Korea^Asia^00^^^^^^^^0^^176^Asia/Seoul^9.0^9.0^9.0^2017-11-10^^^^^^H^^|C 201 Heliport|^778^South Korea^KRW^^^^
^RK7Q^^Y^11506295^^C 202 Heliport^C 202 Heliport^37.94653^126.97729^S^AIRH^^^^^KR^^South Korea^Asia^00^^^^^^^^0^^550^Asia/Seoul^9.0^9.0^9.0^2017-11-10^^^^^^H^^|C 202 Heliport|^778^South Korea^KRW^^^^
^RK7A^^Y^11506297^^C 240 Heliport^C 240 Heliport^37.30594^127.06484^S^AIRH^^^^^KR^^South Korea^Asia^00^^^^^^^^0^^141^Asia/Seoul^9.0^9.0^9.0^2017-11-10^^^^^^H^^|C 240 Heliport|^778^South Korea^KRW^^^^
^RK2O^^Y^11506298^^C 241 Heliport^C 241 Heliport^37.86168^127.02112^S^AIRH^^^^^KR^^South Korea^Asia^00^^^^^^^^0^^158^Asia/Seoul^9.0^9.0^9.0^2017-11-10^^^^^^H^^|C 241 Heliport|^778^South Korea^KRW^^^^
^RK2P^^Y^11506299^^C 242 Heliport^C 242 Heliport^37.46957^127.0106^S^AIRH^^^^^KR^^South Korea^Asia^00^^^^^^^^0^^257^Asia/Seoul^9.0^9.0^9.0^2017-11-10^^^^^^H^^|C 242 Heliport|^778^South Korea^KRW^^^^
^RK7B^^Y^11506300^^C 243 Heliport^C 243 Heliport^37.6207^127.19582^S^AIRH^^^^^KR^^South Korea^Asia^00^^^^^^^^0^^34^Asia/Seoul^9.0^9.0^9.0^2017-11-10^^^^^^H^^|C 243 Heliport|^778^South Korea^KRW^^^^
^RK7R^^Y^11506302^^C 249 Heliport^C 249 Heliport^37.75343^127.0576^S^AIRH^^^^^KR^^South Korea^Asia^00^^^^^^^^0^^60^Asia/Seoul^9.0^9.0^9.0^2017-11-10^^^^^^H^^|C 249 Heliport|^778^South Korea^KRW^^^^
^RK2Q^^Y^11506303^^C 250 Heliport^C 250 Heliport^37.88079^127.16892^S^AIRH^^^^^KR^^South Korea^Asia^00^^^^^^^^0^^178^Asia/Seoul^9.0^9.0^9.0^2017-11-10^^^^^^H^^|C 250 Heliport|^778^South Korea^KRW^^^^
^RK74^^Y^11506305^^C 253 Heliport^C 253 Heliport^38.01289^127.32886^S^AIRH^^^^^KR^^South Korea^Asia^00^^^^^^^^0^^134^Asia/Seoul^9.0^9.0^9.0^2017-11-10^^^^^^H^^|C 253 Heliport|^778^South Korea^KRW^^^^
^RK2V^^Y^11506307^^C 259 Heliport^C 259 Heliport^38.02696^127.13307^S^AIRH^^^^^KR^^South Korea^Asia^00^^^^^^^^0^^76^Asia/Seoul^9.0^9.0^9.0^2017-11-10^^^^^^H^^|C 259 Heliport|^778^South Korea^KRW^^^^
^RK76^^Y^11506308^^C 260 Heliport^C 260 Heliport^38.13266^127.24659^S^AIRH^^^^^KR^^South Korea^Asia^00^^^^^^^^0^^184^Asia/Seoul^9.0^9.0^9.0^2017-11-10^^^^^^H^^|C 260 Heliport|^778^South Korea^KRW^^^^
^RKC7^^Y^11506315^^C 285 Heliport^C 285 Heliport^37.47151^126.77439^S^AIRH^^^^^KR^^South Korea^Asia^00^^^^^^^^0^^141^Asia/Seoul^9.0^9.0^9.0^2017-11-10^^^^^^H^^|C 285 Heliport|^778^South Korea^KRW^^^^
^RK7D^^Y^11506316^^C 288 Heliport^C 288 Heliport^37.45148^127.24292^S^AIRH^^^^^KR^^South Korea^Asia^00^^^^^^^^0^^184^Asia/Seoul^9.0^9.0^9.0^2017-11-10^^^^^^H^^|C 288 Heliport|^778^South Korea^KRW^^^^
^RK3D^^Y^11506319^^C 316 Heliport^C 316 Heliport^38.16902^127.43193^S^AIRH^^^^^KR^^South Korea^Asia^00^^^^^^^^0^^349^Asia/Seoul^9.0^9.0^9.0^2017-11-10^^^^^^H^^|C 316 Heliport|^778^South Korea^KRW^^^^
^RK3J^^Y^11506321^^C 327 Heliport^C 327 Heliport^37.47169^127.52673^S^AIRH^^^^^KR^^South Korea^Asia^00^^^^^^^^0^^87^Asia/Seoul^9.0^9.0^9.0^2017-11-10^^^^^^H^^|C 327 Heliport|^778^South Korea^KRW^^^^
^RK86^^Y^11506323^^C 329 Heliport^C 329 Heliport^37.69259^127.85992^S^AIRH^^^^^KR^^South Korea^Asia^00^^^^^^^^0^^158^Asia/Seoul^9.0^9.0^9.0^2017-11-10^^^^^^H^^|C 329 Heliport|^778^South Korea^KRW^^^^
^RK77^^Y^11506325^^C 331 Heliport^C 331 Heliport^37.93865^127.77058^S^AIRH^^^^^KR^^South Korea^Asia^00^^^^^^^^0^^95^Asia/Seoul^9.0^9.0^9.0^2017-11-10^^^^^^H^^|C 331 Heliport|^778^South Korea^KRW^^^^
^RK3N^^Y^11506327^^C 406 Heliport^C 406 Heliport^38.31919^128.11082^S^AIRH^^^^^KR^^South Korea^Asia^00^^^^^^^^0^^663^Asia/Seoul^9.0^9.0^9.0^2017-11-10^^^^^^H^^|C 406 Heliport|^778^South Korea^KRW^^^^
^RK3Q^^Y^11506331^^C 412 Heliport^C 412 Heliport^37.46958^129.15657^S^AIRH^^^^^KR^^South Korea^Asia^00^^^^^^^^0^^40^Asia/Seoul^9.0^9.0^9.0^2017-11-10^^^^^^H^^|C 412 Heliport|^778^South Korea^KRW^^^^
^RK65^^Y^11506332^^C 415 Heliport^C 415 Heliport^37.38796^127.94493^S^AIRH^^^^^KR^^South Korea^Asia^00^^^^^^^^0^^113^Asia/Seoul^9.0^9.0^9.0^2017-11-10^^^^^^H^^|C 415 Heliport|^778^South Korea^KRW^^^^
^RK3T^^Y^11506334^^C 426 Heliport^C 426 Heliport^37.80494^127.99858^S^AIRH^^^^^KR^^South Korea^Asia^00^^^^^^^^0^^201^Asia/Seoul^9.0^9.0^9.0^2017-11-10^^^^^^H^^|C 426 Heliport|^778^South Korea^KRW^^^^
^RK3V^^Y^11506336^^C 428 Heliport^C 428 Heliport^38.11576^128.19548^S^AIRH^^^^^KR^^South Korea^Asia^00^^^^^^^^0^^265^Asia/Seoul^9.0^9.0^9.0^2017-11-10^^^^^^H^^|C 428 Heliport|^778^South Korea^KRW^^^^
^RK3X^^Y^11506337^^C 433 Heliport^C 433 Heliport^37.32654^127.96881^S^AIRH^^^^^KR^^South Korea^Asia^00^^^^^^^^0^^154^Asia/Seoul^9.0^9.0^9.0^2017-11-10^^^^^^H^^|C 433 Heliport|^778^South Korea^KRW^^^^
^RK85^^Y^11506338^^C 434 Heliport^C 434 Heliport^38.29098^128.49379^S^AIRH^^^^^KR^^South Korea^Asia^00^^^^^^^^0^^103^Asia/Seoul^9.0^9.0^9.0^2017-11-10^^^^^^H^^|C 434 Heliport|^778^South Korea^KRW^^^^
^RK4D^^Y^11506346^^C 512 Heliport^C 512 Heliport^36.91951^127.16107^S^AIRH^^^^^KR^^South Korea^Asia^00^^^^^^^^0^^32^Asia/Seoul^9.0^9.0^9.0^2017-11-10^^^^^^H^^|C 512 Heliport|^778^South Korea^KRW^^^^
^RK4J^^Y^11506349^^C 518 Heliport^C 518 Heliport^37.06692^127.17393^S^AIRH^^^^^KR^^South Korea^Asia^00^^^^^^^^0^^178^Asia/Seoul^9.0^9.0^9.0^2017-11-10^^^^^^H^^|C 518 Heliport|^778^South Korea^KRW^^^^
^RK4K^^Y^11506350^^C 519 Heliport^C 519 Heliport^37.20112^126.84723^S^AIRH^^^^^KR^^South Korea^Asia^00^^^^^^^^0^^144^Asia/Seoul^9.0^9.0^9.0^2017-11-10^^^^^^H^^|C 519 Heliport|^778^South Korea^KRW^^^^
^RK88^^Y^11506356^^C 533 Heliport^C 533 Heliport^37.25164^127.18321^S^AIRH^^^^^KR^^South Korea^Asia^00^^^^^^^^0^^145^Asia/Seoul^9.0^9.0^9.0^2017-11-10^^^^^^H^^|C 533 Heliport|^778^South Korea^KRW^^^^
^RK5H^^Y^11506365^^C 715 Heliport^C 715 Heliport^34.99256^127.87087^S^AIRH^^^^^KR^^South Korea^Asia^00^^^^^^^^0^^824^Asia/Seoul^9.0^9.0^9.0^2017-11-10^^^^^^H^^|C 715 Heliport|^778^South Korea^KRW^^^^
^RK5J^^Y^11506366^^C 716 Heliport^C 716 Heliport^34.85446^127.22974^S^AIRH^^^^^KR^^South Korea^Asia^00^^^^^^^^0^^679^Asia/Seoul^9.0^9.0^9.0^2017-11-10^^^^^^H^^|C 716 Heliport|^778^South Korea^KRW^^^^
^RK5O^^Y^11506367^^C 722 Heliport^C 722 Heliport^35.12593^127.01012^S^AIRH^^^^^KR^^South Korea^Asia^00^^^^^^^^0^^1127^Asia/Seoul^9.0^9.0^9.0^2017-11-10^^^^^^H^^|C 722 Heliport|^778^South Korea^KRW^^^^
^RK5Y^^Y^11506372^^C 824 Heliport^C 824 Heliport^35.90193^128.3109^S^AIRH^^^^^KR^^South Korea^Asia^00^^^^^^^^0^^333^Asia/Seoul^9.0^9.0^9.0^2017-11-10^^^^^^H^^|C 824 Heliport|^778^South Korea^KRW^^^^
^RK5Z^^Y^11506374^^C 826 Heliport^C 826 Heliport^35.11285^128.43166^S^AIRH^^^^^KR^^South Korea^Asia^00^^^^^^^^0^^38^Asia/Seoul^9.0^9.0^9.0^2017-11-10^^^^^^H^^|C 826 Heliport|^778^South Korea^KRW^^^^
^RK6B^^Y^11506375^^C 828 Heliport^C 828 Heliport^35.86861^128.65237^S^AIRH^^^^^KR^^South Korea^Asia^00^^^^^^^^0^^51^Asia/Seoul^9.0^9.0^9.0^2017-11-10^^^^^^H^^|C 828 Heliport|^778^South Korea^KRW^^^^
^RK27^^Y^11506394^^G 218^G 218^37.89498^126.97054^S^AIRF^^^^^KR^^South Korea^Asia^00^^^^^^^^0^^117^Asia/Seoul^9.0^9.0^9.0^2017-11-10^^^^^^A^^|G 218|^778^South Korea^KRW^^^^
^RK18^^Y^11506401^^G 233^G 233^38.08234^127.26931^S^AIRF^^^^^KR^^South Korea^Asia^00^^^^^^^^0^^130^Asia/Seoul^9.0^9.0^9.0^2017-11-10^^^^^^A^^|G 233|^778^South Korea^KRW^^^^
^RK36^^Y^11506404^^G 238^G 238^38.17691^127.10221^S^AIRF^^^^^KR^^South Korea^Asia^00^^^^^^^^0^^85^Asia/Seoul^9.0^9.0^9.0^2017-11-10^^^^^^A^^|G 238|^778^South Korea^KRW^^^^
^RK40^^Y^11506405^^G 240^G 240^38.24888^127.37842^S^AIRF^^^^^KR^^South Korea^Asia^00^^^^^^^^0^^206^Asia/Seoul^9.0^9.0^9.0^2017-11-10^^^^^^A^^|G 240|^778^South Korea^KRW^^^^
^RK31^^Y^11506409^^G 307^G 307^37.92954^127.75742^S^AIRF^^^^^KR^^South Korea^Asia^00^^^^^^^^0^^87^Asia/Seoul^9.0^9.0^9.0^2017-11-10^^^^^^A^^|G 307|^778^South Korea^KRW^^^^
^RK42^^Y^11506410^^G 311^G 311^38.0558^127.79721^S^AIRF^^^^^KR^^South Korea^Asia^00^^^^^^^^0^^184^Asia/Seoul^9.0^9.0^9.0^2017-11-10^^^^^^A^^|G 311|^778^South Korea^KRW^^^^
^RK16^^Y^11506411^^G 312^G 312^38.07574^127.52126^S^AIRF^^^^^KR^^South Korea^Asia^00^^^^^^^^0^^293^Asia/Seoul^9.0^9.0^9.0^2017-11-10^^^^^^A^^|G 312|^778^South Korea^KRW^^^^
^RK22^^Y^11506412^^G 313^G 313^38.12002^127.6861^S^AIRF^^^^^KR^^South Korea^Asia^00^^^^^^^^0^^131^Asia/Seoul^9.0^9.0^9.0^2017-11-10^^^^^^A^^|G 313|^778^South Korea^KRW^^^^
^RK19^^Y^11506413^^G 314^G 314^38.14004^127.74006^S^AIRF^^^^^KR^^South Korea^Asia^00^^^^^^^^0^^166^Asia/Seoul^9.0^9.0^9.0^2017-11-10^^^^^^A^^|G 314|^778^South Korea^KRW^^^^
^RK41^^Y^11506416^^G 317^G 317^38.21638^127.65646^S^AIRF^^^^^KR^^South Korea^Asia^00^^^^^^^^0^^251^Asia/Seoul^9.0^9.0^9.0^2017-11-10^^^^^^A^^|G 317|^778^South Korea^KRW^^^^
^RK82^^Y^11506419^^G 405^G 405^38.11984^128.04036^S^AIRF^^^^^KR^^South Korea^Asia^00^^^^^^^^0^^227^Asia/Seoul^9.0^9.0^9.0^2017-11-10^^^^^^A^^|G 405|^778^South Korea^KRW^^^^
^RK17^^Y^11506420^^G 406^G 406^38.13911^128.00856^S^AIRF^^^^^KR^^South Korea^Asia^00^^^^^^^^0^^197^Asia/Seoul^9.0^9.0^9.0^2017-11-10^^^^^^A^^|G 406|^778^South Korea^KRW^^^^
^RK44^^Y^11506422^^G 412^G 412^38.24336^128.20228^S^AIRF^^^^^KR^^South Korea^Asia^00^^^^^^^^0^^304^Asia/Seoul^9.0^9.0^9.0^2017-11-10^^^^^^A^^|G 412|^778^South Korea^KRW^^^^
^RK21^^Y^11506423^^G 413^G 413^38.38228^128.45758^S^AIRF^^^^^KR^^South Korea^Asia^00^^^^^^^^0^^9^Asia/Seoul^9.0^9.0^9.0^2017-11-10^^^^^^A^^|G 413|^778^South Korea^KRW^^^^
^RK43^^Y^11506424^^G 414^G 414^38.10626^128.20104^S^AIRH^^^^^KR^^South Korea^Asia^00^^^^^^^^0^^213^Asia/Seoul^9.0^9.0^9.0^2017-11-10^^^^^^H^^|G 414|^778^South Korea^KRW^^^^
^RK34^^Y^11506425^^G 417^G 417^37.65037^128.56977^S^AIRF^^^^^KR^^South Korea^Asia^00^^^^^^^^0^^541^Asia/Seoul^9.0^9.0^9.0^2017-11-10^^^^^^A^^|G 417|^778^South Korea^KRW^^^^
^RK33^^Y^11506426^^G 418^G 418^37.3446^128.38415^S^AIRF^^^^^KR^^South Korea^Asia^00^^^^^^^^0^^286^Asia/Seoul^9.0^9.0^9.0^2017-11-10^^^^^^A^^|G 418|^778^South Korea^KRW^^^^
^RK48^^Y^11506427^^G 419^G 419^37.70318^127.9046^S^AIRF^^^^^KR^^South Korea^Asia^00^^^^^^^^0^^134^Asia/Seoul^9.0^9.0^9.0^2017-11-10^^^^^^A^^|G 419|^778^South Korea^KRW^^^^
^RK50^^Y^11506432^^G 526^G 526^36.58748^126.65814^S^AIRF^^^^^KR^^South Korea^Asia^00^^^^^^^^0^^59^Asia/Seoul^9.0^9.0^9.0^2017-11-10^^^^^^A^^|G 526|^778^South Korea^KRW^^^^
^RK49^^Y^11506433^^G 530^G 530^36.75662^126.32912^S^AIRF^^^^^KR^^South Korea^Asia^00^^^^^^^^0^^15^Asia/Seoul^9.0^9.0^9.0^2017-11-10^^^^^^A^^|G 530|^778^South Korea^KRW^^^^
^RK51^^Y^11506434^^G 532^G 532^36.5416^127.28585^S^AIRF^^^^^KR^^South Korea^Asia^00^^^^^^^^0^^29^Asia/Seoul^9.0^9.0^9.0^2017-11-10^^^^^^A^^|G 532|^778^South Korea^KRW^^^^
^RK6D^^Y^11506440^^G 710^G 710^35.34195^127.02998^S^AIRF^^^^^KR^^South Korea^Asia^00^^^^^^^^0^^64^Asia/Seoul^9.0^9.0^9.0^2017-11-10^^^^^^A^^|G 710|^778^South Korea^KRW^^^^
^RK60^^Y^11506441^^G 712^G 712^35.30593^126.49554^S^AIRF^^^^^KR^^South Korea^Asia^16^Jeollanam-do^Jeollanam-do^^^^^^0^^30^Asia/Seoul^9.0^9.0^9.0^2018-08-09^^^^^^A^^|G 712|^778^South Korea^KRW^^^^
^RK6M^^Y^11506450^^H 173 Heliport^H 173 Heliport^37.90758^126.87571^S^AIRH^^^^^KR^^South Korea^Asia^00^^^^^^^^0^^467^Asia/Seoul^9.0^9.0^9.0^2017-11-10^^^^^^H^^|H 173 Heliport|^778^South Korea^KRW^^^^
^RK09^^Y^11506462^^H 247 Heliport^H 247 Heliport^37.76311^127.0056^S^AIRH^^^^^KR^^South Korea^Asia^00^^^^^^^^0^^416^Asia/Seoul^9.0^9.0^9.0^2017-11-10^^^^^^H^^|H 247 Heliport|^778^South Korea^KRW^^^^
^RKA8^^Y^11506467^^H 302 Heliport^H 302 Heliport^37.55977^127.54135^S^AIRH^^^^^KR^^South Korea^Asia^00^^^^^^^^0^^1083^Asia/Seoul^9.0^9.0^9.0^2017-11-10^^^^^^H^^|H 302 Heliport|^778^South Korea^KRW^^^^
^RK94^^Y^11506468^^H 310 Heliport^H 310 Heliport^37.996^127.50411^S^AIRH^^^^^KR^^South Korea^Asia^00^^^^^^^^0^^1448^Asia/Seoul^9.0^9.0^9.0^2017-11-10^^^^^^H^^|H 310 Heliport|^778^South Korea^KRW^^^^
^RK96^^Y^11506470^^H 502 Heliport^H 502 Heliport^36.3016^127.47961^S^AIRH^^^^^KR^^South Korea^Asia^00^^^^^^^^0^^564^Asia/Seoul^9.0^9.0^9.0^2019-09-06^^^^^^H^^|H 502 Heliport|^778^South Korea^KRW^^^^
^RK4W^^Y^11506475^^H 809 Heliport^H 809 Heliport^35.19701^129.14902^S^AIRH^^^^^KR^^South Korea^Asia^00^^^^^^^^0^^547^Asia/Seoul^9.0^9.0^9.0^2017-11-10^^^^^^H^^|H 809 Heliport|^778^South Korea^KRW^^^^
^RK4Y^^Y^11506477^^H 811 Helipad^H 811 Helipad^35.74003^128.68901^S^AIRH^^^^^KR^^South Korea^Asia^00^^^^^^^^0^^657^Asia/Seoul^9.0^9.0^9.0^2017-11-10^^^^^^H^^|H 811 Helipad|^778^South Korea^KRW^^^^
^RK9S^^Y^11506494^^N 101 Helipad^N 101 Helipad^36.92009^129.37729^S^AIRH^^^^^KR^^South Korea^Asia^00^^^^^^^^0^^25^Asia/Seoul^9.0^9.0^9.0^2017-11-10^^^^^^H^^|N 101 Helipad|^778^South Korea^KRW^^^^
^RKC9^^Y^11506495^^N 102 Helipad^N 102 Helipad^38.01465^128.72797^S^AIRH^^^^^KR^^South Korea^Asia^00^^^^^^^^0^^43^Asia/Seoul^9.0^9.0^9.0^2017-11-10^^^^^^H^^|N 102 Helipad|^778^South Korea^KRW^^^^
^RK8D^^Y^11506498^^N 109 Helipad^N 109 Helipad^36.14903^129.35816^S^AIRH^^^^^KR^^South Korea^Asia^00^^^^^^^^0^^130^Asia/Seoul^9.0^9.0^9.0^2017-11-10^^^^^^H^^|N 109 Helipad|^778^South Korea^KRW^^^^
^RK8E^^Y^11506499^^N 110 Helipad^N 110 Helipad^36.23594^129.37942^S^AIRH^^^^^KR^^South Korea^Asia^00^^^^^^^^0^^93^Asia/Seoul^9.0^9.0^9.0^2017-11-10^^^^^^H^^|N 110 Helipad|^778^South Korea^KRW^^^^
^RKD4^^Y^11506506^^N 207 Helipad^N 207 Helipad^37.94769^124.63766^S^AIRH^^^^^KR^^South Korea^Asia^00^^^^^^^^0^^36^Asia/Seoul^9.0^9.0^9.0^2017-11-10^^^^^^H^^|N 207 Helipad|^778^South Korea^KRW^^^^
^RK8L^^Y^11506507^^N 215 Helipad^N 215 Helipad^37.8253^126.43153^S^AIRH^^^^^KR^^South Korea^Asia^00^^^^^^^^0^^82^Asia/Seoul^9.0^9.0^9.0^2017-11-10^^^^^^H^^|N 215 Helipad|^778^South Korea^KRW^^^^
^RKA2^^Y^11506508^^N 219 Helipad^N 219 Helipad^37.65746^126.32641^S^AIRH^^^^^KR^^South Korea^Asia^00^^^^^^^^0^^59^Asia/Seoul^9.0^9.0^9.0^2017-11-10^^^^^^H^^|N 219 Helipad|^778^South Korea^KRW^^^^
^RK9V^^Y^11506509^^N 221 Helipad^N 221 Helipad^37.61316^126.374^S^AIRH^^^^^KR^^South Korea^Asia^00^^^^^^^^0^^41^Asia/Seoul^9.0^9.0^9.0^2017-11-10^^^^^^H^^|N 221 Helipad|^778^South Korea^KRW^^^^
^RK8P^^Y^11506511^^N 229 Helipad^N 229 Helipad^37.75446^126.4173^S^AIRH^^^^^KR^^South Korea^Asia^00^^^^^^^^0^^50^Asia/Seoul^9.0^9.0^9.0^2017-11-10^^^^^^H^^|N 229 Helipad|^778^South Korea^KRW^^^^
^RKA5^^Y^11506512^^N 231 Helipad^N 231 Helipad^37.68732^126.19424^S^AIRH^^^^^KR^^South Korea^Asia^00^^^^^^^^0^^43^Asia/Seoul^9.0^9.0^9.0^2017-11-10^^^^^^H^^|N 231 Helipad|^778^South Korea^KRW^^^^
^RK8T^^Y^11506514^^N 305 Helipad^N 305 Helipad^34.0288^127.30469^S^AIRH^^^^^KR^^South Korea^Asia^00^^^^^^^^0^^1^Asia/Seoul^9.0^9.0^9.0^2017-11-10^^^^^^H^^|N 305 Helipad|^778^South Korea^KRW^^^^
^RK9I^^Y^11506520^^N 323 Helipad^N 323 Helipad^33.30642^126.4559^S^AIRH^^^^^KR^^South Korea^Asia^00^^^^^^^^0^^632^Asia/Seoul^9.0^9.0^9.0^2017-11-10^^^^^^H^^|N 323 Helipad|^778^South Korea^KRW^^^^
^CAV3^^Y^11550688^^One Hundred Mile House Airport^One Hundred Mile House Airport^51.6425^-121.30537^S^AIRP^^^^^CA^^Canada^North America^02^British Columbia^British Columbia^5941^Cariboo Regional District^Cariboo Regional District^5941005^^0^^929^America/Vancouver^-8.0^-7.0^-8.0^2019-02-26^^^^^BC^A^https://en.wikipedia.org/wiki/100_Mile_House_Airport^|100 Mile House Airport|^906^British Columbia^CAD^CAHOS|^^^
^SE02^^Y^11674437^^Guabital^Guabital^-2.77339^-79.70246^S^AIRF^^^^^EC^^Ecuador^South America^10^Guayas^Guayas^^^^^^0^^19^America/Guayaquil^-5.0^-5.0^-5.0^2017-10-28^^^^^^A^^en|Guabital|^337^Ecuador^USD^^^^
^SE22^^Y^11674443^^Celia Maria^Celia Maria^-3.27923^-79.80114^S^AIRF^^^^^EC^^Ecuador^South America^08^El Oro^El Oro^^^^^^0^^20^America/Guayaquil^-5.0^-5.0^-5.0^2017-10-28^^^^^^A^^en|Celia Maria|^337^Ecuador^USD^^^^
^SE58^^Y^11674444^^Banasur^Banasur^-3.34094^-79.86382^S^AIRF^^^^^EC^^Ecuador^South America^08^El Oro^El Oro^^^^^^0^^17^America/Guayaquil^-5.0^-5.0^-5.0^2017-10-28^^^^^^A^^en|Banasur|^337^Ecuador^USD^^^^
^SE59^^Y^11674498^^La Mina^La Mina^-3.20292^-79.79825^S^AIRF^^^^^EC^^Ecuador^South America^08^El Oro^El Oro^^^^^^0^^11^America/Guayaquil^-5.0^-5.0^-5.0^2017-10-28^^^^^^A^^en|La Mina|^337^Ecuador^USD^^^^
^SE03^^Y^11674548^^Las Penas^Las Penas^-2.94716^-80.10074^S^AIRF^^^^^EC^^Ecuador^South America^10^Guayas^Guayas^^^^^^0^^0^America/Guayaquil^-5.0^-5.0^-5.0^2017-10-28^^^^^^A^^en|Las Penas|^337^Ecuador^USD^^^^
^SE11^^Y^11674561^^Km 60^Km 60^-0.5363^-79.37208^S^AIRF^^^^^EC^^Ecuador^South America^26^Santo Domingo de los Tsáchilas^Santo Domingo de los Tsachilas^^^^^^0^^189^America/Guayaquil^-5.0^-5.0^-5.0^2017-10-28^^^^^^A^^en|Km 60|^337^Ecuador^USD^^^^
^SE09^^Y^11674563^^San Rafael^San Rafael^-2.1741^-79.23551^S^AIRF^^^^^EC^^Ecuador^South America^10^Guayas^Guayas^^^^^^0^^146^America/Guayaquil^-5.0^-5.0^-5.0^2017-10-28^^^^^^A^^en|San Rafael|^337^Ecuador^USD^^^^
^SE10^^Y^11674565^^Vinces^Vinces^-1.59763^-79.72718^S^AIRF^^^^^EC^^Ecuador^South America^13^Los Ríos^Los Rios^^^^^^0^^14^America/Guayaquil^-5.0^-5.0^-5.0^2017-10-28^^^^^^A^^en|Vinces|^337^Ecuador^USD^^^^
^SE01^^Y^11674719^^Alba Elena^Alba Elena^-2.1741^-79.28034^S^AIRQ^^^^^EC^^Ecuador^South America^10^Guayas^Guayas^^^^^^0^^101^America/Guayaquil^-5.0^-5.0^-5.0^2017-10-28^^^^^^A^^en|Alba Elena|^337^Ecuador^USD^^^^
^SE60^^Y^11674721^^La Puntilla^La Puntilla^-2.44285^-79.39894^S^AIRQ^^^^^EC^^Ecuador^South America^04^Cañar^Canar^^^^^^0^^57^America/Guayaquil^-5.0^-5.0^-5.0^2017-10-28^^^^^^A^^en|La Puntilla|^337^Ecuador^USD^^^^
^LG53^^Y^11711279^^Lamia^Lamia^38.87439^22.43496^S^AIRQ^^^^^GR^^Greece^Europe^ESYE24^^^^^^^^0^^13^Europe/Athens^2.0^3.0^2.0^2017-10-28^^^^^^A^^en|Lamia|^433^Greece^EUR^^^^
^LG56^^Y^11711415^^Olimboi^Olimboi^38.23615^25.93919^S^AIRF^^^^^GR^^Greece^Europe^ESYE41^^^^^^^^0^^200^Europe/Athens^2.0^3.0^2.0^2017-10-28^^^^^^A^^en|Olimboi|^433^Greece^EUR^^^^
^LG55^^Y^11711636^^Triodhon^Triodhon^37.09411^21.99038^S^AIRF^^^^^GR^^Greece^Europe^ESYE25^^^^^^^^0^^10^Europe/Athens^2.0^3.0^2.0^2017-10-28^^^^^^A^^en|Triodhon|^433^Greece^EUR^^^^
^CFX5^^Y^11747358^^Clarence and Abel Swallow Airport^Clarence and Abel Swallow Airport^52.7305^-72.22083^S^AIRP^^^^^CA^^Canada^North America^10^Quebec^Quebec^10^Nord-du-Québec^Nord-du-Quebec^99060^^0^476^474^America/Toronto^-5.0^-4.0^-5.0^2017-10-28^^^^^QC^A^^^941^Quebec^CAD^^^^
